property_id,town,flat_type,floor_area_sqm,flat_model,resale_price
1,JURONG WEST,1 ROOM,134,Apartment,657470
2,TOA PAYOH,1 ROOM,134,Standard,648301
3,MARINE PARADE,EXECUTIVE,119,New Generation,742037
4,KALLANG/WHAMPOA,3 ROOM,121,Model A-Maisonette,328365
5,HOUGANG,2 ROOM,80,Apartment,575333
6,CHOA CHU KANG,2 ROOM,88,Multi Generation,769965
7,CENTRAL AREA,1 ROOM,133,Model A-Maisonette,307248
8,PUNGGOL,EXECUTIVE,105,Terrace,304369
9,TAMPINES,5 ROOM,141,Adjoined flat,756979
10,PUNGGOL,MULTI-GENERATION,111,Maisonette,701266
11,JURONG EAST,2 ROOM,140,3Gen,590749
12,PUNGGOL,2 ROOM,133,Premium Maisonette,611760
13,KALLANG/WHAMPOA,1 ROOM,95,3Gen,747695
14,BUKIT BATOK,1 ROOM,94,Adjoined flat,665863
15,PASIR RIS,EXECUTIVE,82,Improved-Maisonette,774150
16,BUKIT MERAH,1 ROOM,108,Simplified,471955
17,SERANGOON,4 ROOM,91,Maisonette,333055
18,MARINE PARADE,MULTI-GENERATION,90,Premium Maisonette,499803
19,CHOA CHU KANG,3 ROOM,124,Standard,784203
20,CLEMENTI,2 ROOM,82,Terrace,678824
21,TOA PAYOH,4 ROOM,120,Improved,569594
22,PUNGGOL,5 ROOM,95,2-room,433997
23,PASIR RIS,4 ROOM,123,Improved,773267
24,PUNGGOL,EXECUTIVE,66,Adjoined flat,350272
25,BUKIT TIMAH,5 ROOM,103,Type S1,305310
26,BUKIT BATOK,5 ROOM,125,Standard,331817
27,YISHUN,1 ROOM,127,Type S2,786160
28,BUKIT MERAH,4 ROOM,82,Model A,737744
29,TAMPINES,EXECUTIVE,81,Premium Apartment,748995
30,MARINE PARADE,2 ROOM,103,Type S2,515888
31,BISHAN,MULTI-GENERATION,135,Maisonette,382641
32,YISHUN,1 ROOM,118,Adjoined flat,515155
33,PUNGGOL,4 ROOM,140,Improved-Maisonette,507382
34,TAMPINES,2 ROOM,99,Model A-Maisonette,315457
35,SENGKANG,4 ROOM,75,Maisonette,342311
36,JURONG WEST,1 ROOM,125,Type S1,697196
37,KALLANG/WHAMPOA,2 ROOM,108,Model A2,451958
38,PASIR RIS,1 ROOM,132,Premium Apartment Loft,770328
39,ANG MO KIO,4 ROOM,89,Type S1,744093
40,WOODLANDS,5 ROOM,112,Multi Generation,423573
41,SENGKANG,MULTI-GENERATION,96,3Gen,659571
42,PASIR RIS,3 ROOM,148,Premium Maisonette,598325
43,TAMPINES,MULTI-GENERATION,68,DBSS,464334
44,WOODLANDS,5 ROOM,102,Improved,694163
45,GEYLANG,1 ROOM,127,Premium Apartment Loft,693238
46,PASIR RIS,MULTI-GENERATION,111,Standard,563272
47,YISHUN,1 ROOM,65,Improved-Maisonette,379522
48,JURONG WEST,1 ROOM,67,Type S1,463394
49,SEMBAWANG,2 ROOM,126,3Gen,348929
50,QUEENSTOWN,EXECUTIVE,128,3Gen,381696
51,SENGKANG,1 ROOM,81,Type S2,677389
52,BUKIT TIMAH,MULTI-GENERATION,142,Premium Maisonette,571952
53,TOA PAYOH,MULTI-GENERATION,126,Premium Apartment,395148
54,JURONG EAST,MULTI-GENERATION,99,Type S2,746098
55,PUNGGOL,5 ROOM,77,2-room,583869
56,TAMPINES,3 ROOM,99,Apartment,634678
57,JURONG WEST,1 ROOM,107,Multi Generation,602094
58,ANG MO KIO,1 ROOM,66,Terrace,520026
59,BUKIT TIMAH,1 ROOM,120,Type S1,383576
60,CENTRAL AREA,2 ROOM,141,Premium Maisonette,320557
61,PUNGGOL,1 ROOM,115,Terrace,321825
62,CHOA CHU KANG,5 ROOM,118,New Generation,571142
63,ANG MO KIO,4 ROOM,80,Simplified,336080
64,SERANGOON,EXECUTIVE,82,Premium Maisonette,558815
65,PASIR RIS,MULTI-GENERATION,71,Improved-Maisonette,488869
66,QUEENSTOWN,1 ROOM,109,Premium Maisonette,446874
67,BUKIT PANJANG,2 ROOM,100,2-room,704383
68,BISHAN,5 ROOM,105,Adjoined flat,793844
69,TOA PAYOH,1 ROOM,106,Apartment,342407
70,BUKIT MERAH,2 ROOM,71,Improved,420283
71,BEDOK,4 ROOM,79,Simplified,313338
72,SEMBAWANG,3 ROOM,124,Model A2,376289
73,WOODLANDS,1 ROOM,104,Premium Maisonette,764736
74,BUKIT BATOK,5 ROOM,147,Premium Apartment Loft,449967
75,CLEMENTI,2 ROOM,101,Improved,478982
76,CLEMENTI,2 ROOM,130,Improved,693173
77,TOA PAYOH,1 ROOM,119,Type S2,409367
78,SENGKANG,2 ROOM,141,Model A2,628042
79,GEYLANG,3 ROOM,144,Simplified,696670
80,MARINE PARADE,2 ROOM,120,Simplified,417486
81,YISHUN,MULTI-GENERATION,108,Improved,648684
82,PASIR RIS,EXECUTIVE,121,Model A2,754013
83,MARINE PARADE,MULTI-GENERATION,70,DBSS,794775
84,BUKIT TIMAH,EXECUTIVE,96,Model A-Maisonette,514209
85,MARINE PARADE,2 ROOM,138,Premium Apartment Loft,743853
86,BISHAN,1 ROOM,82,Premium Apartment Loft,556055
87,YISHUN,EXECUTIVE,132,Premium Apartment Loft,436421
88,MARINE PARADE,5 ROOM,137,Standard,687560
89,CENTRAL AREA,EXECUTIVE,71,2-room,602107
90,HOUGANG,MULTI-GENERATION,72,Premium Apartment Loft,768799
91,BISHAN,2 ROOM,128,Model A-Maisonette,700966
92,PASIR RIS,1 ROOM,71,New Generation,657073
93,SENGKANG,4 ROOM,105,Standard,453535
94,PUNGGOL,1 ROOM,104,Simplified,374935
95,GEYLANG,1 ROOM,67,Model A,489864
96,BUKIT BATOK,1 ROOM,81,Improved-Maisonette,575830
97,MARINE PARADE,5 ROOM,130,Model A,799555
98,PASIR RIS,3 ROOM,143,Multi Generation,363528
99,CHOA CHU KANG,MULTI-GENERATION,116,2-room,399811
100,BUKIT PANJANG,2 ROOM,86,Premium Apartment Loft,584931
101,TOA PAYOH,3 ROOM,68,Adjoined flat,707992
102,SEMBAWANG,4 ROOM,70,2-room,677757
103,WOODLANDS,3 ROOM,102,Model A-Maisonette,788279
104,BEDOK,2 ROOM,90,Type S2,488499
105,CHOA CHU KANG,MULTI-GENERATION,75,Multi Generation,560141
106,SENGKANG,MULTI-GENERATION,81,Improved-Maisonette,404887
107,BUKIT PANJANG,2 ROOM,95,Premium Maisonette,361086
108,BISHAN,4 ROOM,141,Type S2,664375
109,SEMBAWANG,2 ROOM,99,Type S1,555494
110,BUKIT PANJANG,4 ROOM,80,Model A-Maisonette,363308
111,BUKIT TIMAH,4 ROOM,143,Improved,577941
112,ANG MO KIO,2 ROOM,82,Premium Apartment,795751
113,TAMPINES,EXECUTIVE,126,3Gen,567446
114,ANG MO KIO,MULTI-GENERATION,91,Multi Generation,756388
115,BUKIT MERAH,4 ROOM,99,New Generation,338059
116,BUKIT PANJANG,2 ROOM,109,Improved-Maisonette,431980
117,JURONG EAST,EXECUTIVE,99,Type S1,491324
118,BEDOK,MULTI-GENERATION,92,Adjoined flat,773875
119,KALLANG/WHAMPOA,4 ROOM,73,DBSS,443949
120,KALLANG/WHAMPOA,MULTI-GENERATION,140,3Gen,576383
121,JURONG EAST,EXECUTIVE,79,Standard,780187
122,YISHUN,MULTI-GENERATION,85,New Generation,327313
123,WOODLANDS,5 ROOM,116,Premium Apartment,794106
124,JURONG WEST,1 ROOM,99,Model A-Maisonette,342103
125,YISHUN,5 ROOM,115,Improved-Maisonette,479480
126,SERANGOON,EXECUTIVE,147,Maisonette,776467
127,BUKIT TIMAH,4 ROOM,119,Multi Generation,388771
128,JURONG WEST,2 ROOM,141,Model A2,426228
129,YISHUN,3 ROOM,108,Premium Apartment,391665
130,TOA PAYOH,2 ROOM,129,Terrace,572678
131,CLEMENTI,MULTI-GENERATION,144,Premium Maisonette,793326
132,PASIR RIS,3 ROOM,89,3Gen,605204
133,JURONG WEST,3 ROOM,111,Multi Generation,579333
134,CENTRAL AREA,MULTI-GENERATION,144,Simplified,690575
135,BUKIT BATOK,MULTI-GENERATION,120,Model A2,386067
136,YISHUN,4 ROOM,102,DBSS,573111
137,MARINE PARADE,EXECUTIVE,75,Model A,513063
138,TOA PAYOH,2 ROOM,131,Terrace,627707
139,JURONG EAST,EXECUTIVE,79,3Gen,570804
140,SERANGOON,5 ROOM,65,Improved-Maisonette,680815
141,WOODLANDS,4 ROOM,71,Improved-Maisonette,784091
142,SEMBAWANG,4 ROOM,65,Premium Apartment,429909
143,PUNGGOL,5 ROOM,113,Model A,733039
144,JURONG WEST,2 ROOM,137,Simplified,749058
145,PUNGGOL,1 ROOM,93,New Generation,440688
146,BUKIT MERAH,5 ROOM,90,Type S2,375976
147,YISHUN,2 ROOM,109,Type S1,533208
148,CHOA CHU KANG,3 ROOM,135,Terrace,479810
149,BISHAN,MULTI-GENERATION,76,Adjoined flat,575251
150,CENTRAL AREA,4 ROOM,96,New Generation,492476
151,SEMBAWANG,2 ROOM,84,Premium Maisonette,394182
152,SERANGOON,EXECUTIVE,115,Apartment,543153
153,CLEMENTI,MULTI-GENERATION,145,Maisonette,653931
154,SERANGOON,EXECUTIVE,100,Premium Apartment Loft,578098
155,QUEENSTOWN,MULTI-GENERATION,131,Model A,579087
156,SENGKANG,4 ROOM,65,New Generation,340725
157,BISHAN,5 ROOM,91,Improved-Maisonette,607578
158,GEYLANG,1 ROOM,104,Type S1,647895
159,GEYLANG,5 ROOM,148,Terrace,310110
160,PASIR RIS,2 ROOM,78,Improved,798864
161,MARINE PARADE,5 ROOM,133,Type S2,780307
162,BUKIT TIMAH,4 ROOM,143,Simplified,578606
163,BUKIT BATOK,2 ROOM,70,Type S2,641376
164,TAMPINES,3 ROOM,97,Multi Generation,485153
165,QUEENSTOWN,5 ROOM,119,DBSS,746015
166,HOUGANG,5 ROOM,83,Improved,366567
167,KALLANG/WHAMPOA,1 ROOM,141,Terrace,782517
168,GEYLANG,2 ROOM,93,Type S2,482296
169,BUKIT MERAH,EXECUTIVE,125,Apartment,689569
170,BUKIT MERAH,5 ROOM,134,Type S2,618207
171,KALLANG/WHAMPOA,4 ROOM,143,Apartment,413394
172,PUNGGOL,5 ROOM,144,Premium Apartment Loft,617384
173,GEYLANG,1 ROOM,88,3Gen,643496
174,YISHUN,3 ROOM,87,Multi Generation,448940
175,HOUGANG,1 ROOM,74,3Gen,769189
176,BEDOK,5 ROOM,118,Model A-Maisonette,643133
177,SEMBAWANG,EXECUTIVE,105,Premium Apartment,322222
178,KALLANG/WHAMPOA,MULTI-GENERATION,113,Terrace,379794
179,SEMBAWANG,5 ROOM,81,3Gen,363924
180,BUKIT BATOK,2 ROOM,120,2-room,399854
181,SERANGOON,5 ROOM,109,Standard,640657
182,PUNGGOL,EXECUTIVE,94,New Generation,560038
183,BUKIT PANJANG,2 ROOM,108,Simplified,616793
184,TAMPINES,4 ROOM,138,DBSS,665130
185,YISHUN,2 ROOM,119,Model A,543815
186,QUEENSTOWN,1 ROOM,83,Model A-Maisonette,645893
187,GEYLANG,3 ROOM,93,Simplified,533127
188,TOA PAYOH,1 ROOM,66,Improved-Maisonette,441295
189,BEDOK,MULTI-GENERATION,100,New Generation,479238
190,CENTRAL AREA,2 ROOM,83,Premium Maisonette,339369
191,GEYLANG,4 ROOM,71,Type S2,648523
192,BUKIT MERAH,5 ROOM,90,Improved,631536
193,PUNGGOL,2 ROOM,143,Simplified,752742
194,TAMPINES,1 ROOM,102,Apartment,574805
195,PUNGGOL,2 ROOM,67,Type S2,446663
196,JURONG WEST,2 ROOM,144,Multi Generation,633862
197,SERANGOON,2 ROOM,130,Type S1,486307
198,CLEMENTI,4 ROOM,135,Model A,570114
199,BISHAN,EXECUTIVE,107,Terrace,347922
200,CHOA CHU KANG,EXECUTIVE,126,DBSS,793614
201,BISHAN,2 ROOM,135,Improved-Maisonette,592899
202,GEYLANG,4 ROOM,88,Improved,420926
203,HOUGANG,4 ROOM,103,Improved-Maisonette,319416
204,HOUGANG,MULTI-GENERATION,132,Type S1,313672
205,BISHAN,2 ROOM,108,Premium Apartment Loft,776684
206,SENGKANG,1 ROOM,69,Premium Apartment,428145
207,BUKIT TIMAH,1 ROOM,119,Type S1,478068
208,JURONG WEST,3 ROOM,94,Terrace,636239
209,TOA PAYOH,2 ROOM,93,New Generation,300064
210,GEYLANG,3 ROOM,90,Premium Maisonette,368835
211,BUKIT TIMAH,1 ROOM,147,Model A,501457
212,WOODLANDS,1 ROOM,90,Type S2,698855
213,SENGKANG,2 ROOM,101,Improved,547795
214,CLEMENTI,3 ROOM,117,Simplified,704271
215,GEYLANG,3 ROOM,94,Type S2,752436
216,KALLANG/WHAMPOA,2 ROOM,67,Maisonette,649738
217,QUEENSTOWN,MULTI-GENERATION,107,Model A-Maisonette,722643
218,MARINE PARADE,3 ROOM,71,Improved-Maisonette,416916
219,SERANGOON,MULTI-GENERATION,113,2-room,682452
220,SENGKANG,5 ROOM,137,Premium Maisonette,644660
221,SEMBAWANG,1 ROOM,105,Premium Maisonette,626810
222,HOUGANG,EXECUTIVE,141,Standard,495346
223,PUNGGOL,MULTI-GENERATION,143,Apartment,680438
224,TAMPINES,MULTI-GENERATION,118,Model A2,573010
225,JURONG EAST,MULTI-GENERATION,133,2-room,303889
226,BUKIT MERAH,4 ROOM,91,Model A-Maisonette,418194
227,BUKIT BATOK,3 ROOM,72,Model A2,424714
228,JURONG WEST,3 ROOM,96,Improved,741442
229,CENTRAL AREA,4 ROOM,148,Maisonette,331335
230,CHOA CHU KANG,3 ROOM,128,Multi Generation,350547
231,WOODLANDS,4 ROOM,74,Improved-Maisonette,457234
232,QUEENSTOWN,MULTI-GENERATION,77,Multi Generation,520521
233,BISHAN,2 ROOM,127,Premium Apartment,455759
234,BUKIT MERAH,5 ROOM,99,Model A-Maisonette,660900
235,SENGKANG,MULTI-GENERATION,125,Model A-Maisonette,573139
236,YISHUN,5 ROOM,118,Apartment,749704
237,PUNGGOL,1 ROOM,72,Model A-Maisonette,302631
238,ANG MO KIO,MULTI-GENERATION,93,Multi Generation,728170
239,CENTRAL AREA,EXECUTIVE,105,3Gen,437039
240,QUEENSTOWN,3 ROOM,94,Simplified,650438
241,PASIR RIS,EXECUTIVE,85,DBSS,649422
242,PASIR RIS,2 ROOM,140,Premium Apartment,364471
243,GEYLANG,5 ROOM,75,Adjoined flat,599260
244,BEDOK,MULTI-GENERATION,66,Apartment,654260
245,BUKIT PANJANG,2 ROOM,114,New Generation,727443
246,SERANGOON,2 ROOM,105,New Generation,433014
247,JURONG WEST,3 ROOM,130,Model A,347664
248,BISHAN,2 ROOM,67,Premium Maisonette,459141
249,HOUGANG,MULTI-GENERATION,144,Model A-Maisonette,387342
250,BUKIT BATOK,MULTI-GENERATION,115,Type S1,314407
251,HOUGANG,5 ROOM,132,New Generation,413926
252,JURONG EAST,MULTI-GENERATION,148,Model A-Maisonette,621345
253,BEDOK,EXECUTIVE,89,2-room,642237
254,BEDOK,5 ROOM,94,Improved,747564
255,KALLANG/WHAMPOA,3 ROOM,146,Standard,513053
256,TAMPINES,5 ROOM,75,Type S2,317878
257,PASIR RIS,4 ROOM,81,Type S1,383100
258,BUKIT TIMAH,EXECUTIVE,90,Maisonette,640773
259,JURONG WEST,4 ROOM,87,Model A-Maisonette,748636
260,HOUGANG,4 ROOM,120,Terrace,794308
261,PASIR RIS,1 ROOM,116,Apartment,523059
262,JURONG WEST,MULTI-GENERATION,112,Premium Maisonette,343168
263,BUKIT PANJANG,3 ROOM,84,Apartment,550396
264,QUEENSTOWN,2 ROOM,66,New Generation,550481
265,TOA PAYOH,4 ROOM,95,Adjoined flat,617006
266,BUKIT PANJANG,5 ROOM,91,Simplified,782838
267,PUNGGOL,2 ROOM,66,Multi Generation,775241
268,TOA PAYOH,5 ROOM,142,Model A2,328004
269,BUKIT MERAH,5 ROOM,68,Premium Apartment Loft,582615
270,TOA PAYOH,2 ROOM,77,Model A2,391820
271,TOA PAYOH,2 ROOM,99,Premium Apartment,491239
272,BUKIT PANJANG,MULTI-GENERATION,136,Premium Maisonette,402229
273,BEDOK,5 ROOM,130,DBSS,777044
274,CENTRAL AREA,3 ROOM,70,Model A-Maisonette,627452
275,KALLANG/WHAMPOA,MULTI-GENERATION,95,Premium Maisonette,646113
276,KALLANG/WHAMPOA,EXECUTIVE,74,Maisonette,314568
277,GEYLANG,1 ROOM,85,Premium Apartment,309466
278,SERANGOON,EXECUTIVE,138,Improved,522129
279,SERANGOON,3 ROOM,87,Type S2,357324
280,TOA PAYOH,MULTI-GENERATION,67,3Gen,664352
281,ANG MO KIO,1 ROOM,96,Standard,446539
282,PUNGGOL,MULTI-GENERATION,84,Model A,790771
283,HOUGANG,2 ROOM,138,Model A2,375955
284,HOUGANG,1 ROOM,93,Apartment,746164
285,WOODLANDS,5 ROOM,116,Maisonette,447748
286,GEYLANG,EXECUTIVE,110,Premium Maisonette,394791
287,CENTRAL AREA,1 ROOM,98,Apartment,462586
288,BUKIT TIMAH,5 ROOM,148,2-room,670862
289,TAMPINES,MULTI-GENERATION,125,DBSS,322650
290,SENGKANG,3 ROOM,136,Apartment,650434
291,BEDOK,1 ROOM,135,Terrace,377701
292,GEYLANG,5 ROOM,134,Premium Apartment Loft,572827
293,SERANGOON,MULTI-GENERATION,75,Improved-Maisonette,529164
294,CLEMENTI,MULTI-GENERATION,146,Premium Apartment,753035
295,BISHAN,MULTI-GENERATION,127,Type S2,380978
296,SEMBAWANG,3 ROOM,85,Improved-Maisonette,304860
297,CLEMENTI,2 ROOM,67,DBSS,434801
298,PUNGGOL,3 ROOM,146,Improved,331351
299,JURONG WEST,3 ROOM,74,Adjoined flat,624888
300,PUNGGOL,EXECUTIVE,91,Adjoined flat,455418
301,TOA PAYOH,MULTI-GENERATION,76,Premium Maisonette,682342
302,CENTRAL AREA,5 ROOM,71,New Generation,636299
303,CLEMENTI,1 ROOM,81,Adjoined flat,421449
304,SERANGOON,EXECUTIVE,129,Premium Apartment Loft,376700
305,JURONG EAST,MULTI-GENERATION,128,Type S2,535486
306,SENGKANG,4 ROOM,90,Apartment,569099
307,CENTRAL AREA,3 ROOM,79,Adjoined flat,758858
308,BUKIT BATOK,4 ROOM,97,Type S2,557571
309,BUKIT BATOK,MULTI-GENERATION,126,Improved,763506
310,BUKIT MERAH,EXECUTIVE,111,Terrace,737509
311,ANG MO KIO,5 ROOM,99,Standard,492408
312,PASIR RIS,EXECUTIVE,129,Standard,583806
313,BEDOK,5 ROOM,136,2-room,306408
314,CENTRAL AREA,5 ROOM,140,Model A-Maisonette,471475
315,BUKIT TIMAH,MULTI-GENERATION,147,Simplified,563369
316,KALLANG/WHAMPOA,2 ROOM,89,Type S1,705412
317,YISHUN,MULTI-GENERATION,121,2-room,763002
318,WOODLANDS,3 ROOM,96,Improved-Maisonette,446444
319,BUKIT MERAH,EXECUTIVE,127,DBSS,557320
320,BEDOK,5 ROOM,76,Model A2,317279
321,BUKIT TIMAH,MULTI-GENERATION,127,Improved,410401
322,CENTRAL AREA,MULTI-GENERATION,141,Model A-Maisonette,526801
323,BUKIT TIMAH,EXECUTIVE,65,Terrace,547380
324,BUKIT TIMAH,EXECUTIVE,115,Model A,747456
325,JURONG WEST,5 ROOM,134,Standard,654548
326,SENGKANG,1 ROOM,72,Model A2,469259
327,PUNGGOL,4 ROOM,132,Improved-Maisonette,547145
328,BUKIT PANJANG,3 ROOM,69,Model A2,610625
329,BUKIT BATOK,3 ROOM,103,DBSS,459547
330,CLEMENTI,1 ROOM,87,Premium Maisonette,344552
331,PUNGGOL,2 ROOM,132,3Gen,499041
332,HOUGANG,1 ROOM,116,Model A2,507606
333,MARINE PARADE,2 ROOM,68,Multi Generation,789885
334,WOODLANDS,2 ROOM,111,DBSS,530677
335,BUKIT TIMAH,1 ROOM,85,Premium Apartment Loft,561869
336,BUKIT PANJANG,3 ROOM,120,DBSS,700074
337,BUKIT MERAH,4 ROOM,130,Type S1,505558
338,BISHAN,3 ROOM,123,Apartment,374474
339,HOUGANG,MULTI-GENERATION,71,Model A-Maisonette,587312
340,KALLANG/WHAMPOA,3 ROOM,113,Adjoined flat,332099
341,CLEMENTI,3 ROOM,80,Improved,502252
342,YISHUN,1 ROOM,81,Type S2,540454
343,SEMBAWANG,1 ROOM,148,DBSS,623599
344,QUEENSTOWN,MULTI-GENERATION,139,Premium Apartment Loft,354240
345,MARINE PARADE,MULTI-GENERATION,98,Maisonette,636940
346,GEYLANG,1 ROOM,97,Improved-Maisonette,616736
347,CENTRAL AREA,3 ROOM,90,Simplified,560746
348,BISHAN,4 ROOM,130,DBSS,684325
349,TAMPINES,2 ROOM,127,Premium Apartment Loft,552051
350,BUKIT TIMAH,EXECUTIVE,105,Simplified,740674
351,TAMPINES,2 ROOM,122,Premium Apartment,401611
352,BUKIT TIMAH,MULTI-GENERATION,143,Type S2,358046
353,JURONG WEST,MULTI-GENERATION,74,Type S1,550468
354,BEDOK,2 ROOM,79,Model A-Maisonette,316488
355,CLEMENTI,EXECUTIVE,106,DBSS,489913
356,QUEENSTOWN,3 ROOM,121,Standard,680665
357,YISHUN,4 ROOM,81,Improved,693611
358,CHOA CHU KANG,4 ROOM,124,Type S2,483741
359,MARINE PARADE,2 ROOM,73,Standard,441917
360,QUEENSTOWN,EXECUTIVE,100,Maisonette,467131
361,PUNGGOL,MULTI-GENERATION,137,Premium Apartment Loft,318394
362,CHOA CHU KANG,5 ROOM,144,Maisonette,656137
363,MARINE PARADE,3 ROOM,100,Type S1,476978
364,JURONG EAST,2 ROOM,112,Maisonette,359332
365,CLEMENTI,4 ROOM,115,Simplified,468377
366,WOODLANDS,MULTI-GENERATION,134,Type S1,342628
367,SEMBAWANG,1 ROOM,138,Adjoined flat,583496
368,JURONG WEST,1 ROOM,144,Model A-Maisonette,779898
369,HOUGANG,EXECUTIVE,132,DBSS,645115
370,WOODLANDS,EXECUTIVE,86,DBSS,351993
371,QUEENSTOWN,2 ROOM,141,2-room,470458
372,BUKIT TIMAH,5 ROOM,144,Improved-Maisonette,665171
373,TAMPINES,4 ROOM,70,DBSS,749840
374,KALLANG/WHAMPOA,2 ROOM,90,Model A-Maisonette,750281
375,MARINE PARADE,5 ROOM,139,Maisonette,682356
376,CENTRAL AREA,MULTI-GENERATION,67,Premium Apartment,778720
377,CLEMENTI,EXECUTIVE,116,Simplified,308539
378,BUKIT BATOK,1 ROOM,138,2-room,432335
379,QUEENSTOWN,3 ROOM,124,Maisonette,706521
380,QUEENSTOWN,MULTI-GENERATION,127,3Gen,615961
381,SENGKANG,1 ROOM,129,Type S1,717614
382,KALLANG/WHAMPOA,4 ROOM,116,Improved-Maisonette,540310
383,JURONG WEST,4 ROOM,140,Multi Generation,790832
384,ANG MO KIO,1 ROOM,78,Type S2,506873
385,MARINE PARADE,MULTI-GENERATION,136,DBSS,611251
386,CLEMENTI,1 ROOM,132,Terrace,725368
387,QUEENSTOWN,5 ROOM,92,3Gen,786476
388,SERANGOON,2 ROOM,135,Model A2,723840
389,BISHAN,EXECUTIVE,74,Multi Generation,691384
390,BUKIT MERAH,5 ROOM,121,Model A2,661799
391,CHOA CHU KANG,3 ROOM,130,Apartment,356132
392,PUNGGOL,1 ROOM,114,3Gen,687845
393,GEYLANG,3 ROOM,78,Model A2,405494
394,MARINE PARADE,3 ROOM,80,Premium Apartment,615123
395,BEDOK,5 ROOM,118,Terrace,620157
396,HOUGANG,EXECUTIVE,107,Terrace,525997
397,SERANGOON,MULTI-GENERATION,106,Premium Apartment Loft,363797
398,BUKIT PANJANG,4 ROOM,145,2-room,351798
399,GEYLANG,2 ROOM,86,Simplified,447722
400,CENTRAL AREA,4 ROOM,132,Premium Apartment Loft,719230
401,HOUGANG,EXECUTIVE,83,Premium Apartment,376421
402,BEDOK,4 ROOM,130,Simplified,569578
403,CHOA CHU KANG,1 ROOM,103,2-room,592172
404,KALLANG/WHAMPOA,1 ROOM,137,Terrace,366558
405,BEDOK,5 ROOM,83,DBSS,586475
406,ANG MO KIO,3 ROOM,80,Model A-Maisonette,367573
407,CLEMENTI,EXECUTIVE,118,Terrace,429473
408,BEDOK,EXECUTIVE,89,Improved-Maisonette,767508
409,HOUGANG,4 ROOM,82,Premium Maisonette,477398
410,TAMPINES,5 ROOM,87,Premium Apartment Loft,645123
411,CENTRAL AREA,4 ROOM,149,Maisonette,792944
412,BUKIT MERAH,4 ROOM,75,Improved-Maisonette,566267
413,SERANGOON,EXECUTIVE,103,Apartment,578747
414,ANG MO KIO,4 ROOM,132,Apartment,628085
415,KALLANG/WHAMPOA,3 ROOM,89,Model A2,342597
416,BUKIT PANJANG,4 ROOM,127,Multi Generation,494310
417,HOUGANG,3 ROOM,94,Premium Apartment,646382
418,CENTRAL AREA,EXECUTIVE,109,Apartment,735935
419,JURONG EAST,5 ROOM,125,Model A,522858
420,QUEENSTOWN,1 ROOM,115,Improved-Maisonette,603895
421,ANG MO KIO,3 ROOM,73,Model A2,688606
422,GEYLANG,5 ROOM,140,Apartment,386978
423,SEMBAWANG,5 ROOM,66,Adjoined flat,579837
424,ANG MO KIO,3 ROOM,69,Standard,782757
425,CENTRAL AREA,EXECUTIVE,126,Standard,468769
426,BUKIT MERAH,2 ROOM,133,Improved-Maisonette,656668
427,PASIR RIS,5 ROOM,116,Premium Maisonette,660013
428,CENTRAL AREA,5 ROOM,69,Terrace,461064
429,WOODLANDS,EXECUTIVE,123,Standard,625969
430,CLEMENTI,EXECUTIVE,132,Simplified,440594
431,BEDOK,4 ROOM,73,Improved-Maisonette,692619
432,CHOA CHU KANG,EXECUTIVE,86,Standard,607550
433,TOA PAYOH,5 ROOM,91,Simplified,538078
434,TAMPINES,3 ROOM,74,Apartment,540140
435,BISHAN,2 ROOM,144,Improved-Maisonette,443193
436,PUNGGOL,MULTI-GENERATION,125,Improved-Maisonette,423371
437,BUKIT TIMAH,4 ROOM,115,Model A-Maisonette,707435
438,KALLANG/WHAMPOA,MULTI-GENERATION,74,Adjoined flat,563761
439,SENGKANG,3 ROOM,70,Standard,343016
440,SERANGOON,2 ROOM,126,Model A2,743888
441,SEMBAWANG,2 ROOM,69,Standard,586420
442,PUNGGOL,2 ROOM,134,Type S1,530959
443,WOODLANDS,1 ROOM,127,Model A-Maisonette,634384
444,BISHAN,3 ROOM,120,Standard,668436
445,TAMPINES,4 ROOM,123,Multi Generation,486807
446,JURONG WEST,4 ROOM,127,Type S2,317959
447,TOA PAYOH,2 ROOM,123,Type S2,328522
448,BEDOK,3 ROOM,115,Model A2,749303
449,JURONG WEST,1 ROOM,114,Multi Generation,703169
450,SERANGOON,2 ROOM,68,Improved,326567
451,GEYLANG,EXECUTIVE,112,3Gen,753739
452,MARINE PARADE,MULTI-GENERATION,96,Improved-Maisonette,362708
453,CENTRAL AREA,4 ROOM,115,Terrace,426206
454,BUKIT TIMAH,MULTI-GENERATION,116,Apartment,322560
455,GEYLANG,5 ROOM,138,Simplified,358390
456,BISHAN,2 ROOM,98,Simplified,425772
457,PASIR RIS,EXECUTIVE,100,DBSS,761365
458,JURONG WEST,4 ROOM,134,Improved-Maisonette,729876
459,BUKIT PANJANG,MULTI-GENERATION,107,Type S1,607248
460,CENTRAL AREA,1 ROOM,80,Standard,357805
461,SERANGOON,3 ROOM,123,Improved,536109
462,BUKIT MERAH,4 ROOM,117,Standard,795951
463,CENTRAL AREA,MULTI-GENERATION,83,Improved,586640
464,BEDOK,3 ROOM,105,3Gen,514373
465,KALLANG/WHAMPOA,MULTI-GENERATION,145,Premium Apartment,391257
466,HOUGANG,3 ROOM,111,Apartment,303515
467,PASIR RIS,1 ROOM,118,New Generation,304454
468,ANG MO KIO,1 ROOM,119,Type S1,537145
469,KALLANG/WHAMPOA,2 ROOM,83,Premium Maisonette,322873
470,JURONG WEST,2 ROOM,126,Model A,636064
471,SEMBAWANG,4 ROOM,123,Maisonette,575871
472,SERANGOON,1 ROOM,129,Standard,428376
473,MARINE PARADE,EXECUTIVE,132,Apartment,369070
474,CHOA CHU KANG,MULTI-GENERATION,92,Simplified,661203
475,ANG MO KIO,MULTI-GENERATION,82,Maisonette,424564
476,PASIR RIS,MULTI-GENERATION,90,Improved,528497
477,JURONG EAST,4 ROOM,83,Model A-Maisonette,417213
478,SENGKANG,MULTI-GENERATION,119,2-room,481051
479,YISHUN,5 ROOM,121,3Gen,325465
480,SENGKANG,3 ROOM,70,Maisonette,484972
481,BUKIT MERAH,MULTI-GENERATION,65,Premium Maisonette,359799
482,CLEMENTI,3 ROOM,72,Premium Apartment,396129
483,BUKIT PANJANG,2 ROOM,115,Type S2,714546
484,TOA PAYOH,MULTI-GENERATION,149,2-room,439374
485,QUEENSTOWN,EXECUTIVE,89,Multi Generation,771659
486,WOODLANDS,1 ROOM,111,Improved-Maisonette,783182
487,JURONG EAST,1 ROOM,119,New Generation,669432
488,ANG MO KIO,2 ROOM,128,Apartment,543761
489,SEMBAWANG,5 ROOM,147,Multi Generation,765933
490,WOODLANDS,4 ROOM,74,DBSS,542821
491,KALLANG/WHAMPOA,4 ROOM,120,Premium Maisonette,312875
492,JURONG WEST,EXECUTIVE,76,Improved-Maisonette,327219
493,CENTRAL AREA,2 ROOM,97,Simplified,598326
494,CLEMENTI,2 ROOM,135,Premium Apartment Loft,511613
495,CHOA CHU KANG,5 ROOM,81,Model A,735485
496,PASIR RIS,MULTI-GENERATION,125,Multi Generation,641925
497,CHOA CHU KANG,4 ROOM,74,Model A2,306457
498,BISHAN,MULTI-GENERATION,95,Simplified,699965
499,GEYLANG,2 ROOM,124,Premium Apartment,333064
500,HOUGANG,MULTI-GENERATION,134,Terrace,703037
501,CLEMENTI,1 ROOM,81,Terrace,415256
502,WOODLANDS,EXECUTIVE,114,Terrace,660441
503,PASIR RIS,4 ROOM,101,Improved-Maisonette,534659
504,PASIR RIS,5 ROOM,146,Improved,509727
505,WOODLANDS,EXECUTIVE,126,Maisonette,700880
506,GEYLANG,3 ROOM,144,Apartment,460353
507,SERANGOON,1 ROOM,136,Apartment,558063
508,BUKIT BATOK,5 ROOM,141,3Gen,536887
509,BUKIT TIMAH,EXECUTIVE,93,Simplified,725037
510,SENGKANG,2 ROOM,96,New Generation,534841
511,YISHUN,3 ROOM,144,Simplified,717863
512,JURONG WEST,5 ROOM,75,Model A2,369918
513,BUKIT TIMAH,2 ROOM,70,Maisonette,513057
514,TOA PAYOH,1 ROOM,99,Standard,776015
515,CENTRAL AREA,3 ROOM,97,Adjoined flat,652323
516,ANG MO KIO,4 ROOM,82,DBSS,637088
517,TOA PAYOH,2 ROOM,101,Improved-Maisonette,389142
518,SERANGOON,EXECUTIVE,77,Maisonette,327603
519,BUKIT BATOK,MULTI-GENERATION,138,Standard,608602
520,HOUGANG,5 ROOM,145,Improved,370605
521,TOA PAYOH,3 ROOM,128,3Gen,581767
522,BISHAN,2 ROOM,65,Improved-Maisonette,344440
523,JURONG EAST,4 ROOM,127,Premium Apartment Loft,644571
524,SEMBAWANG,MULTI-GENERATION,98,Improved-Maisonette,700920
525,BUKIT PANJANG,5 ROOM,74,Maisonette,655970
526,GEYLANG,5 ROOM,148,Premium Apartment,589604
527,TAMPINES,2 ROOM,71,Improved,514117
528,BUKIT BATOK,4 ROOM,120,3Gen,513877
529,SEMBAWANG,1 ROOM,144,Adjoined flat,766727
530,MARINE PARADE,MULTI-GENERATION,101,Type S1,410373
531,BUKIT TIMAH,1 ROOM,93,Premium Apartment,699781
532,SERANGOON,3 ROOM,76,Premium Maisonette,781219
533,GEYLANG,2 ROOM,81,Model A-Maisonette,567014
534,TOA PAYOH,MULTI-GENERATION,112,Model A,318909
535,ANG MO KIO,3 ROOM,148,Premium Apartment Loft,571261
536,YISHUN,1 ROOM,90,Simplified,549975
537,BUKIT TIMAH,MULTI-GENERATION,147,3Gen,629618
538,HOUGANG,5 ROOM,76,Premium Apartment Loft,393926
539,BUKIT TIMAH,3 ROOM,85,Multi Generation,737538
540,TAMPINES,4 ROOM,106,Terrace,427463
541,BUKIT TIMAH,EXECUTIVE,125,New Generation,401536
542,CLEMENTI,1 ROOM,122,Model A2,582272
543,MARINE PARADE,1 ROOM,118,3Gen,551981
544,YISHUN,4 ROOM,98,Model A-Maisonette,790533
545,CENTRAL AREA,MULTI-GENERATION,71,Improved-Maisonette,631145
546,CHOA CHU KANG,MULTI-GENERATION,99,Model A,562584
547,CHOA CHU KANG,MULTI-GENERATION,79,Premium Apartment,754171
548,BEDOK,3 ROOM,129,Model A-Maisonette,480685
549,JURONG EAST,2 ROOM,89,Terrace,423491
550,JURONG EAST,5 ROOM,123,Premium Apartment,764165
551,TAMPINES,EXECUTIVE,143,Type S2,704879
552,TAMPINES,2 ROOM,70,Type S1,797275
553,BUKIT BATOK,2 ROOM,116,Premium Apartment,796532
554,WOODLANDS,4 ROOM,143,Terrace,450619
555,TOA PAYOH,3 ROOM,85,Type S1,381662
556,HOUGANG,1 ROOM,135,Maisonette,536128
557,PASIR RIS,1 ROOM,96,Premium Apartment Loft,300005
558,BEDOK,4 ROOM,117,Model A2,534152
559,JURONG EAST,3 ROOM,123,Multi Generation,569182
560,PUNGGOL,4 ROOM,133,Type S2,568558
561,KALLANG/WHAMPOA,1 ROOM,126,Standard,780875
562,CENTRAL AREA,2 ROOM,68,Premium Maisonette,631650
563,KALLANG/WHAMPOA,5 ROOM,82,Premium Apartment Loft,638730
564,ANG MO KIO,MULTI-GENERATION,145,Adjoined flat,695822
565,SEMBAWANG,3 ROOM,120,Model A,578626
566,CLEMENTI,EXECUTIVE,88,Improved,529901
567,HOUGANG,EXECUTIVE,130,Model A,502945
568,BUKIT MERAH,2 ROOM,77,Model A,333948
569,CHOA CHU KANG,4 ROOM,126,2-room,652131
570,TAMPINES,4 ROOM,118,Model A,522873
571,CENTRAL AREA,1 ROOM,79,Premium Apartment,522322
572,MARINE PARADE,2 ROOM,133,Improved-Maisonette,320875
573,JURONG WEST,1 ROOM,67,DBSS,575201
574,WOODLANDS,1 ROOM,101,Type S2,332400
575,JURONG EAST,EXECUTIVE,101,Model A-Maisonette,764674
576,TAMPINES,1 ROOM,67,Multi Generation,368607
577,SENGKANG,MULTI-GENERATION,127,Model A,649705
578,JURONG EAST,1 ROOM,99,3Gen,589647
579,BUKIT MERAH,EXECUTIVE,116,3Gen,716981
580,MARINE PARADE,MULTI-GENERATION,92,Apartment,401096
581,YISHUN,4 ROOM,82,Model A,346612
582,GEYLANG,3 ROOM,100,Premium Maisonette,660462
583,SERANGOON,5 ROOM,97,Standard,561538
584,BUKIT MERAH,1 ROOM,128,Improved-Maisonette,384335
585,JURONG EAST,MULTI-GENERATION,90,Premium Apartment Loft,663133
586,GEYLANG,3 ROOM,112,Model A-Maisonette,393012
587,WOODLANDS,EXECUTIVE,104,DBSS,381748
588,QUEENSTOWN,3 ROOM,81,DBSS,702644
589,BISHAN,5 ROOM,104,Premium Maisonette,462491
590,KALLANG/WHAMPOA,3 ROOM,71,Model A-Maisonette,365195
591,BUKIT TIMAH,MULTI-GENERATION,121,Premium Maisonette,504767
592,BUKIT TIMAH,3 ROOM,72,Premium Maisonette,389846
593,BUKIT PANJANG,3 ROOM,120,3Gen,402404
594,BISHAN,3 ROOM,95,Standard,601286
595,JURONG EAST,2 ROOM,123,3Gen,561320
596,BUKIT TIMAH,1 ROOM,122,Simplified,371540
597,BUKIT MERAH,EXECUTIVE,76,Type S1,469361
598,TAMPINES,5 ROOM,112,2-room,639092
599,PUNGGOL,EXECUTIVE,95,Premium Maisonette,621095
600,SERANGOON,2 ROOM,147,Premium Maisonette,311755
601,CENTRAL AREA,2 ROOM,127,Model A-Maisonette,552915
602,PASIR RIS,MULTI-GENERATION,138,Model A,680129
603,SEMBAWANG,2 ROOM,103,Improved-Maisonette,384553
604,ANG MO KIO,1 ROOM,140,Type S2,434962
605,JURONG WEST,2 ROOM,84,DBSS,656520
606,PASIR RIS,3 ROOM,112,New Generation,556760
607,CLEMENTI,EXECUTIVE,135,Improved-Maisonette,317175
608,HOUGANG,4 ROOM,118,Simplified,767943
609,MARINE PARADE,5 ROOM,142,Simplified,627831
610,JURONG WEST,2 ROOM,139,Type S2,647127
611,MARINE PARADE,EXECUTIVE,135,Model A,781503
612,CENTRAL AREA,MULTI-GENERATION,93,Apartment,525783
613,TAMPINES,2 ROOM,138,Model A,455360
614,CLEMENTI,1 ROOM,137,New Generation,346629
615,PASIR RIS,2 ROOM,112,Premium Maisonette,416779
616,PUNGGOL,2 ROOM,138,Type S2,478872
617,SEMBAWANG,2 ROOM,147,3Gen,468439
618,MARINE PARADE,MULTI-GENERATION,120,3Gen,771026
619,PASIR RIS,2 ROOM,81,Improved-Maisonette,770970
620,MARINE PARADE,5 ROOM,73,2-room,782544
621,QUEENSTOWN,EXECUTIVE,98,New Generation,630657
622,TOA PAYOH,1 ROOM,109,Apartment,382762
623,TOA PAYOH,2 ROOM,73,Multi Generation,460094
624,CENTRAL AREA,2 ROOM,71,Model A,500401
625,BUKIT PANJANG,2 ROOM,80,Maisonette,752630
626,BUKIT PANJANG,2 ROOM,83,Maisonette,694875
627,SENGKANG,3 ROOM,70,Premium Maisonette,357941
628,CHOA CHU KANG,3 ROOM,75,Improved-Maisonette,731146
629,BUKIT BATOK,4 ROOM,140,Type S2,605617
630,YISHUN,2 ROOM,125,Apartment,486670
631,HOUGANG,4 ROOM,106,2-room,316040
632,HOUGANG,5 ROOM,77,Improved-Maisonette,369806
633,TAMPINES,4 ROOM,76,Improved-Maisonette,444358
634,PASIR RIS,EXECUTIVE,149,Improved-Maisonette,500211
635,KALLANG/WHAMPOA,3 ROOM,138,Model A2,412076
636,CHOA CHU KANG,3 ROOM,84,Simplified,355916
637,BUKIT TIMAH,2 ROOM,114,New Generation,448672
638,CLEMENTI,2 ROOM,100,Model A2,695507
639,MARINE PARADE,5 ROOM,133,Improved-Maisonette,706339
640,HOUGANG,1 ROOM,101,2-room,565955
641,WOODLANDS,5 ROOM,76,Type S2,772099
642,BUKIT TIMAH,EXECUTIVE,104,Terrace,331276
643,PUNGGOL,2 ROOM,118,Type S1,485217
644,KALLANG/WHAMPOA,2 ROOM,66,Adjoined flat,739835
645,BUKIT PANJANG,5 ROOM,114,Multi Generation,643193
646,YISHUN,5 ROOM,105,3Gen,501750
647,HOUGANG,5 ROOM,109,Model A2,519854
648,GEYLANG,3 ROOM,73,2-room,522115
649,SEMBAWANG,4 ROOM,126,Standard,719930
650,BISHAN,4 ROOM,111,Premium Apartment,486757
651,BEDOK,2 ROOM,69,Premium Apartment,443266
652,BUKIT PANJANG,3 ROOM,140,Improved-Maisonette,635206
653,TOA PAYOH,5 ROOM,65,Model A-Maisonette,757253
654,SERANGOON,2 ROOM,108,3Gen,450434
655,WOODLANDS,3 ROOM,86,Premium Maisonette,616643
656,BUKIT MERAH,EXECUTIVE,102,Improved,346281
657,PUNGGOL,1 ROOM,83,Multi Generation,756029
658,MARINE PARADE,3 ROOM,144,Model A-Maisonette,606996
659,CENTRAL AREA,MULTI-GENERATION,95,3Gen,562120
660,WOODLANDS,2 ROOM,131,Standard,553693
661,YISHUN,4 ROOM,106,Improved,478908
662,SEMBAWANG,MULTI-GENERATION,146,Standard,304595
663,SERANGOON,5 ROOM,90,Standard,395930
664,GEYLANG,1 ROOM,77,Standard,446474
665,CLEMENTI,EXECUTIVE,122,Premium Maisonette,561745
666,TOA PAYOH,1 ROOM,82,Adjoined flat,496355
667,WOODLANDS,1 ROOM,131,Premium Apartment Loft,654820
668,HOUGANG,3 ROOM,67,Type S2,781347
669,SENGKANG,2 ROOM,119,Standard,473795
670,BUKIT PANJANG,2 ROOM,122,Apartment,482394
671,SEMBAWANG,1 ROOM,127,Type S2,477836
672,BUKIT MERAH,5 ROOM,116,Improved-Maisonette,718127
673,TAMPINES,2 ROOM,88,Apartment,522360
674,CHOA CHU KANG,1 ROOM,136,Premium Apartment,581549
675,YISHUN,2 ROOM,73,Improved-Maisonette,358122
676,MARINE PARADE,5 ROOM,101,Improved,782972
677,SERANGOON,EXECUTIVE,147,Simplified,530561
678,JURONG WEST,MULTI-GENERATION,117,Maisonette,532661
679,SERANGOON,1 ROOM,144,Improved-Maisonette,428909
680,CENTRAL AREA,4 ROOM,88,Apartment,565591
681,SEMBAWANG,4 ROOM,85,Improved-Maisonette,484215
682,QUEENSTOWN,1 ROOM,104,Model A,756122
683,JURONG WEST,3 ROOM,126,Premium Apartment Loft,310662
684,BUKIT TIMAH,EXECUTIVE,134,Improved,756217
685,BUKIT MERAH,3 ROOM,133,Adjoined flat,358282
686,PUNGGOL,MULTI-GENERATION,78,Multi Generation,698115
687,BEDOK,4 ROOM,106,Type S2,590726
688,GEYLANG,5 ROOM,114,Terrace,367471
689,SERANGOON,1 ROOM,125,DBSS,423513
690,CENTRAL AREA,MULTI-GENERATION,68,Model A-Maisonette,473285
691,ANG MO KIO,2 ROOM,136,Adjoined flat,407578
692,SERANGOON,4 ROOM,139,Type S2,638015
693,HOUGANG,EXECUTIVE,81,Improved-Maisonette,383205
694,BEDOK,4 ROOM,149,DBSS,636225
695,PUNGGOL,EXECUTIVE,121,Terrace,667927
696,BUKIT TIMAH,EXECUTIVE,112,Premium Maisonette,534631
697,YISHUN,1 ROOM,108,Model A2,383805
698,PASIR RIS,EXECUTIVE,109,Model A,424698
699,SERANGOON,3 ROOM,144,2-room,468902
700,TAMPINES,MULTI-GENERATION,97,Improved-Maisonette,700282
701,JURONG WEST,5 ROOM,95,3Gen,310712
702,TOA PAYOH,4 ROOM,111,Premium Apartment,643671
703,BUKIT TIMAH,5 ROOM,70,Standard,691597
704,SERANGOON,MULTI-GENERATION,136,2-room,426888
705,WOODLANDS,2 ROOM,135,Terrace,532398
706,BISHAN,MULTI-GENERATION,98,Apartment,496437
707,BUKIT PANJANG,4 ROOM,117,Type S2,387185
708,SEMBAWANG,5 ROOM,78,Simplified,661995
709,BEDOK,5 ROOM,80,Apartment,724022
710,PASIR RIS,1 ROOM,107,Premium Maisonette,312210
711,HOUGANG,1 ROOM,137,Model A,336972
712,HOUGANG,MULTI-GENERATION,138,Simplified,536966
713,PASIR RIS,MULTI-GENERATION,145,New Generation,596280
714,CLEMENTI,2 ROOM,76,Maisonette,737513
715,BISHAN,EXECUTIVE,134,Model A,678589
716,SEMBAWANG,4 ROOM,83,3Gen,578089
717,PUNGGOL,1 ROOM,105,Premium Apartment,526273
718,JURONG EAST,4 ROOM,117,Apartment,735693
719,HOUGANG,2 ROOM,93,Multi Generation,641324
720,PASIR RIS,1 ROOM,134,Improved-Maisonette,632597
721,BUKIT BATOK,1 ROOM,123,Model A2,647548
722,TAMPINES,EXECUTIVE,128,Type S1,770629
723,CLEMENTI,4 ROOM,88,Premium Maisonette,706440
724,GEYLANG,4 ROOM,80,Apartment,303052
725,BUKIT PANJANG,4 ROOM,116,Model A2,589416
726,BUKIT PANJANG,EXECUTIVE,144,Simplified,603294
727,CHOA CHU KANG,1 ROOM,70,Terrace,527276
728,KALLANG/WHAMPOA,2 ROOM,101,Model A,448388
729,BEDOK,4 ROOM,149,Model A2,746605
730,BUKIT BATOK,5 ROOM,68,Multi Generation,756548
731,BUKIT MERAH,EXECUTIVE,102,Improved,438312
732,PASIR RIS,3 ROOM,105,Simplified,659239
733,CENTRAL AREA,2 ROOM,145,DBSS,630918
734,CENTRAL AREA,5 ROOM,78,Apartment,605319
735,SERANGOON,4 ROOM,135,Type S1,693781
736,HOUGANG,3 ROOM,115,Maisonette,780514
737,SENGKANG,2 ROOM,129,Type S2,764310
738,CENTRAL AREA,EXECUTIVE,116,Improved-Maisonette,316375
739,QUEENSTOWN,3 ROOM,94,Multi Generation,325710
740,BISHAN,1 ROOM,121,Premium Maisonette,480967
741,PUNGGOL,MULTI-GENERATION,143,Premium Maisonette,554624
742,SENGKANG,3 ROOM,146,Maisonette,769855
743,QUEENSTOWN,MULTI-GENERATION,94,2-room,446246
744,QUEENSTOWN,5 ROOM,106,Model A-Maisonette,669170
745,KALLANG/WHAMPOA,2 ROOM,75,Improved-Maisonette,780545
746,BUKIT PANJANG,5 ROOM,91,New Generation,327597
747,MARINE PARADE,5 ROOM,88,Premium Maisonette,636433
748,CENTRAL AREA,4 ROOM,103,2-room,731613
749,MARINE PARADE,EXECUTIVE,136,Model A-Maisonette,765070
750,PUNGGOL,3 ROOM,82,Type S2,726285
751,SEMBAWANG,2 ROOM,141,Type S1,385687
752,MARINE PARADE,1 ROOM,109,Terrace,418968
753,GEYLANG,EXECUTIVE,76,Model A,340274
754,BUKIT TIMAH,EXECUTIVE,113,3Gen,767453
755,PASIR RIS,2 ROOM,95,Type S2,503570
756,PASIR RIS,EXECUTIVE,86,Type S1,731413
757,HOUGANG,4 ROOM,108,Type S1,348634
758,JURONG EAST,EXECUTIVE,128,New Generation,592185
759,CLEMENTI,4 ROOM,141,Apartment,700464
760,BUKIT TIMAH,3 ROOM,89,New Generation,647509
761,JURONG WEST,3 ROOM,115,2-room,695419
762,TAMPINES,5 ROOM,71,Type S2,614130
763,ANG MO KIO,4 ROOM,70,DBSS,587514
764,PASIR RIS,1 ROOM,88,Maisonette,597391
765,BUKIT BATOK,3 ROOM,83,Improved-Maisonette,686547
766,SENGKANG,EXECUTIVE,147,Improved,681688
767,BUKIT MERAH,2 ROOM,73,Premium Apartment Loft,506994
768,SEMBAWANG,2 ROOM,100,Maisonette,556480
769,TOA PAYOH,MULTI-GENERATION,104,Adjoined flat,693650
770,TAMPINES,4 ROOM,88,Model A2,362982
771,WOODLANDS,1 ROOM,112,Adjoined flat,627324
772,BUKIT TIMAH,5 ROOM,127,Model A,408534
773,CLEMENTI,EXECUTIVE,133,Improved-Maisonette,465546
774,PASIR RIS,4 ROOM,117,DBSS,586788
775,BUKIT TIMAH,MULTI-GENERATION,118,Premium Apartment Loft,338493
776,ANG MO KIO,2 ROOM,106,Standard,645968
777,BUKIT TIMAH,4 ROOM,109,Model A,697175
778,YISHUN,EXECUTIVE,78,Type S1,609433
779,TOA PAYOH,1 ROOM,93,Multi Generation,704359
780,GEYLANG,1 ROOM,70,Apartment,732809
781,CHOA CHU KANG,3 ROOM,71,Model A-Maisonette,732331
782,HOUGANG,EXECUTIVE,101,Type S1,542217
783,BISHAN,MULTI-GENERATION,117,Premium Apartment,453612
784,BUKIT BATOK,3 ROOM,82,Premium Apartment Loft,597625
785,BUKIT BATOK,3 ROOM,102,Terrace,526577
786,WOODLANDS,3 ROOM,123,Improved,377097
787,JURONG EAST,4 ROOM,65,DBSS,584722
788,TAMPINES,MULTI-GENERATION,132,Multi Generation,706003
789,QUEENSTOWN,2 ROOM,108,Multi Generation,634192
790,CLEMENTI,1 ROOM,111,New Generation,483951
791,BUKIT MERAH,4 ROOM,99,Apartment,441668
792,BUKIT TIMAH,2 ROOM,124,Improved,790498
793,TOA PAYOH,1 ROOM,116,Model A-Maisonette,753885
794,MARINE PARADE,MULTI-GENERATION,72,2-room,713146
795,ANG MO KIO,MULTI-GENERATION,144,Model A-Maisonette,479022
796,HOUGANG,EXECUTIVE,105,Apartment,657881
797,BEDOK,1 ROOM,67,Multi Generation,580831
798,BUKIT TIMAH,1 ROOM,133,3Gen,746049
799,GEYLANG,MULTI-GENERATION,148,Terrace,422540
800,JURONG EAST,1 ROOM,78,2-room,467061
801,BEDOK,5 ROOM,90,Premium Apartment,592327
802,BUKIT TIMAH,EXECUTIVE,134,Premium Maisonette,582902
803,KALLANG/WHAMPOA,4 ROOM,122,Type S1,432154
804,WOODLANDS,4 ROOM,104,3Gen,538013
805,GEYLANG,2 ROOM,115,Type S1,396368
806,BEDOK,4 ROOM,69,Improved,345891
807,BUKIT TIMAH,3 ROOM,141,Standard,739026
808,BUKIT BATOK,1 ROOM,96,Premium Apartment,346901
809,GEYLANG,4 ROOM,144,Improved,776728
810,BEDOK,2 ROOM,65,Terrace,666056
811,MARINE PARADE,2 ROOM,141,Multi Generation,371062
812,BUKIT TIMAH,3 ROOM,118,Improved,789838
813,JURONG EAST,2 ROOM,75,Maisonette,452635
814,BUKIT MERAH,MULTI-GENERATION,117,New Generation,634152
815,PASIR RIS,5 ROOM,72,Improved,695991
816,SENGKANG,MULTI-GENERATION,89,Type S1,709044
817,HOUGANG,1 ROOM,104,Improved-Maisonette,580118
818,QUEENSTOWN,1 ROOM,96,Model A-Maisonette,453460
819,BUKIT TIMAH,1 ROOM,92,Multi Generation,380591
820,BUKIT PANJANG,EXECUTIVE,142,Terrace,552990
821,CENTRAL AREA,4 ROOM,67,Premium Maisonette,580759
822,JURONG EAST,5 ROOM,148,Model A-Maisonette,731102
823,BUKIT MERAH,4 ROOM,143,DBSS,322838
824,BEDOK,5 ROOM,126,3Gen,602872
825,CHOA CHU KANG,4 ROOM,91,Improved-Maisonette,416249
826,GEYLANG,3 ROOM,109,Simplified,378000
827,TOA PAYOH,MULTI-GENERATION,89,DBSS,614942
828,BUKIT PANJANG,2 ROOM,125,Adjoined flat,799116
829,YISHUN,2 ROOM,108,Maisonette,765992
830,BUKIT TIMAH,MULTI-GENERATION,110,3Gen,763694
831,WOODLANDS,3 ROOM,78,Type S2,712838
832,BUKIT TIMAH,5 ROOM,72,Multi Generation,444608
833,QUEENSTOWN,MULTI-GENERATION,112,Standard,760352
834,BUKIT PANJANG,EXECUTIVE,78,Premium Apartment,436772
835,GEYLANG,5 ROOM,129,Type S2,469911
836,GEYLANG,2 ROOM,144,Model A-Maisonette,572392
837,BUKIT TIMAH,EXECUTIVE,146,New Generation,345291
838,BEDOK,4 ROOM,71,Premium Apartment,644773
839,QUEENSTOWN,EXECUTIVE,143,Simplified,515963
840,BUKIT BATOK,5 ROOM,113,Improved-Maisonette,425612
841,YISHUN,3 ROOM,119,Multi Generation,317177
842,BUKIT PANJANG,4 ROOM,77,Premium Maisonette,712699
843,PASIR RIS,5 ROOM,137,Simplified,343815
844,WOODLANDS,4 ROOM,120,Type S2,600677
845,BUKIT MERAH,EXECUTIVE,120,Model A2,562170
846,BUKIT TIMAH,2 ROOM,79,3Gen,404997
847,CHOA CHU KANG,5 ROOM,121,Model A-Maisonette,360611
848,WOODLANDS,3 ROOM,122,Maisonette,387242
849,ANG MO KIO,MULTI-GENERATION,99,Type S2,717876
850,ANG MO KIO,EXECUTIVE,80,Type S1,486175
851,QUEENSTOWN,5 ROOM,72,Adjoined flat,745469
852,BUKIT PANJANG,3 ROOM,109,Standard,667057
853,PUNGGOL,5 ROOM,104,Model A,342082
854,CLEMENTI,EXECUTIVE,118,New Generation,447330
855,GEYLANG,5 ROOM,78,Model A,403613
856,ANG MO KIO,4 ROOM,123,Adjoined flat,660459
857,ANG MO KIO,EXECUTIVE,117,Apartment,651834
858,JURONG EAST,5 ROOM,91,Terrace,395220
859,BUKIT MERAH,MULTI-GENERATION,111,Multi Generation,315389
860,SEMBAWANG,2 ROOM,144,Standard,391860
861,ANG MO KIO,5 ROOM,70,Premium Apartment Loft,458757
862,SEMBAWANG,4 ROOM,119,2-room,752436
863,BISHAN,3 ROOM,108,Model A,720411
864,PUNGGOL,MULTI-GENERATION,82,Premium Apartment,321797
865,CHOA CHU KANG,3 ROOM,80,Premium Maisonette,674119
866,JURONG WEST,MULTI-GENERATION,76,Type S2,764526
867,PASIR RIS,3 ROOM,84,3Gen,659313
868,TAMPINES,2 ROOM,109,Maisonette,545939
869,JURONG WEST,4 ROOM,128,Improved,366332
870,BUKIT BATOK,EXECUTIVE,123,New Generation,536655
871,BUKIT MERAH,3 ROOM,86,Premium Maisonette,524997
872,YISHUN,MULTI-GENERATION,111,Apartment,756123
873,SENGKANG,4 ROOM,93,Simplified,700404
874,PASIR RIS,5 ROOM,109,Model A,585840
875,SERANGOON,2 ROOM,141,3Gen,302024
876,WOODLANDS,4 ROOM,73,Terrace,766418
877,BEDOK,4 ROOM,88,Premium Apartment Loft,729201
878,TAMPINES,EXECUTIVE,79,Improved-Maisonette,437656
879,SERANGOON,4 ROOM,100,Type S2,653142
880,BUKIT MERAH,EXECUTIVE,77,Apartment,458116
881,BUKIT BATOK,2 ROOM,108,DBSS,557339
882,BUKIT BATOK,2 ROOM,135,DBSS,567429
883,BUKIT PANJANG,5 ROOM,136,Premium Apartment Loft,756331
884,SEMBAWANG,EXECUTIVE,142,Model A2,569514
885,SENGKANG,EXECUTIVE,140,Improved-Maisonette,317903
886,JURONG EAST,3 ROOM,100,Premium Maisonette,463571
887,SERANGOON,3 ROOM,125,Standard,660048
888,BUKIT MERAH,5 ROOM,145,Type S2,585139
889,TAMPINES,2 ROOM,104,Premium Apartment,667304
890,WOODLANDS,1 ROOM,91,Premium Apartment Loft,728416
891,YISHUN,3 ROOM,65,Apartment,388377
892,TAMPINES,4 ROOM,98,New Generation,501474
893,BUKIT TIMAH,2 ROOM,132,Terrace,706782
894,SEMBAWANG,1 ROOM,85,New Generation,599966
895,ANG MO KIO,4 ROOM,97,Maisonette,669556
896,JURONG WEST,MULTI-GENERATION,71,Type S2,613366
897,TOA PAYOH,EXECUTIVE,129,Model A-Maisonette,656232
898,BUKIT BATOK,2 ROOM,67,DBSS,793301
899,PASIR RIS,MULTI-GENERATION,115,Apartment,652594
900,SENGKANG,5 ROOM,143,DBSS,743884
901,JURONG WEST,EXECUTIVE,118,Simplified,409366
902,MARINE PARADE,EXECUTIVE,144,Type S2,672222
903,JURONG WEST,4 ROOM,138,Model A-Maisonette,363853
904,MARINE PARADE,MULTI-GENERATION,123,Premium Apartment Loft,485715
905,TOA PAYOH,EXECUTIVE,70,Premium Apartment,685938
906,SEMBAWANG,3 ROOM,93,Multi Generation,453405
907,CENTRAL AREA,2 ROOM,81,DBSS,709174
908,TOA PAYOH,3 ROOM,124,Premium Maisonette,352442
909,BISHAN,4 ROOM,86,Premium Apartment,714170
910,WOODLANDS,1 ROOM,88,Model A-Maisonette,768390
911,QUEENSTOWN,4 ROOM,145,New Generation,530755
912,ANG MO KIO,2 ROOM,149,Type S1,309675
913,BEDOK,EXECUTIVE,115,Simplified,389590
914,KALLANG/WHAMPOA,MULTI-GENERATION,114,New Generation,670714
915,SERANGOON,MULTI-GENERATION,75,3Gen,593805
916,CLEMENTI,5 ROOM,120,DBSS,364289
917,PUNGGOL,4 ROOM,135,Premium Maisonette,317184
918,SERANGOON,2 ROOM,106,Model A,610107
919,JURONG WEST,5 ROOM,103,3Gen,456894
920,PASIR RIS,EXECUTIVE,133,Apartment,755519
921,JURONG EAST,1 ROOM,112,Improved,507537
922,ANG MO KIO,4 ROOM,121,Premium Apartment,567411
923,BUKIT MERAH,1 ROOM,85,Type S1,483719
924,YISHUN,2 ROOM,146,Model A2,624958
925,JURONG EAST,1 ROOM,84,Improved-Maisonette,598169
926,WOODLANDS,1 ROOM,79,Model A-Maisonette,421246
927,JURONG WEST,2 ROOM,133,Terrace,639749
928,TOA PAYOH,2 ROOM,141,3Gen,432053
929,BISHAN,4 ROOM,115,Terrace,605580
930,KALLANG/WHAMPOA,1 ROOM,140,Model A-Maisonette,449544
931,QUEENSTOWN,5 ROOM,126,3Gen,450408
932,PASIR RIS,2 ROOM,149,Model A,456659
933,BISHAN,EXECUTIVE,101,DBSS,639336
934,MARINE PARADE,1 ROOM,70,New Generation,786078
935,JURONG WEST,2 ROOM,135,Simplified,777262
936,HOUGANG,5 ROOM,90,3Gen,537439
937,HOUGANG,MULTI-GENERATION,72,Adjoined flat,746229
938,GEYLANG,4 ROOM,137,Model A-Maisonette,682735
939,PASIR RIS,1 ROOM,68,Standard,646655
940,CENTRAL AREA,MULTI-GENERATION,85,DBSS,309665
941,PASIR RIS,2 ROOM,95,Adjoined flat,458169
942,SENGKANG,2 ROOM,85,Premium Maisonette,653421
943,WOODLANDS,EXECUTIVE,89,Model A2,352474
944,TAMPINES,EXECUTIVE,79,Model A-Maisonette,503045
945,SEMBAWANG,1 ROOM,99,Type S2,718401
946,GEYLANG,MULTI-GENERATION,113,Type S1,375911
947,WOODLANDS,MULTI-GENERATION,107,Improved,392643
948,WOODLANDS,2 ROOM,105,Premium Apartment Loft,592628
949,BEDOK,1 ROOM,101,Premium Apartment Loft,559383
950,CLEMENTI,2 ROOM,121,Simplified,663309
951,CLEMENTI,EXECUTIVE,106,Type S2,476682
952,GEYLANG,5 ROOM,111,Premium Apartment Loft,481879
953,BUKIT PANJANG,3 ROOM,125,Type S2,744123
954,BUKIT BATOK,3 ROOM,78,3Gen,750605
955,TOA PAYOH,2 ROOM,132,Standard,587979
956,HOUGANG,MULTI-GENERATION,117,New Generation,526351
957,GEYLANG,EXECUTIVE,148,Terrace,396453
958,TAMPINES,4 ROOM,98,Type S1,797747
959,TAMPINES,4 ROOM,140,Model A,353790
960,YISHUN,3 ROOM,88,2-room,508032
961,WOODLANDS,5 ROOM,84,Multi Generation,571787
962,JURONG EAST,3 ROOM,133,Type S2,637990
963,BUKIT MERAH,2 ROOM,94,Premium Maisonette,712167
964,BUKIT PANJANG,5 ROOM,71,Standard,785320
965,ANG MO KIO,4 ROOM,100,Model A2,708449
966,BUKIT PANJANG,MULTI-GENERATION,102,2-room,313200
967,PUNGGOL,EXECUTIVE,144,Type S2,352275
968,SERANGOON,EXECUTIVE,116,DBSS,780300
969,CHOA CHU KANG,2 ROOM,79,Multi Generation,769284
970,TOA PAYOH,3 ROOM,110,Model A2,651145
971,WOODLANDS,2 ROOM,87,Terrace,452363
972,KALLANG/WHAMPOA,EXECUTIVE,76,DBSS,604592
973,YISHUN,4 ROOM,108,Improved,723796
974,CENTRAL AREA,EXECUTIVE,79,Premium Maisonette,391685
975,QUEENSTOWN,5 ROOM,113,DBSS,714562
976,TOA PAYOH,MULTI-GENERATION,85,Model A2,572763
977,MARINE PARADE,MULTI-GENERATION,79,DBSS,405454
978,BUKIT PANJANG,1 ROOM,78,Type S2,301766
979,BUKIT PANJANG,EXECUTIVE,106,Terrace,565693
980,SERANGOON,EXECUTIVE,144,Multi Generation,449765
981,BISHAN,MULTI-GENERATION,79,Model A2,755235
982,CLEMENTI,1 ROOM,127,3Gen,790674
983,ANG MO KIO,5 ROOM,132,DBSS,556356
984,JURONG WEST,3 ROOM,91,Premium Apartment Loft,670082
985,BUKIT BATOK,EXECUTIVE,117,Premium Apartment,689817
986,YISHUN,MULTI-GENERATION,116,Standard,793496
987,HOUGANG,2 ROOM,127,Standard,610472
988,BUKIT PANJANG,EXECUTIVE,137,Premium Apartment Loft,770917
989,GEYLANG,2 ROOM,117,Maisonette,520172
990,HOUGANG,5 ROOM,121,Improved,794010
991,CLEMENTI,EXECUTIVE,116,Premium Apartment,325301
992,PUNGGOL,MULTI-GENERATION,107,Terrace,344763
993,BUKIT TIMAH,5 ROOM,71,Improved,451837
994,BUKIT TIMAH,5 ROOM,106,Model A,606931
995,GEYLANG,3 ROOM,68,3Gen,682819
996,BUKIT BATOK,EXECUTIVE,133,2-room,307425
997,SEMBAWANG,2 ROOM,69,2-room,575001
998,ANG MO KIO,2 ROOM,139,Maisonette,483843
999,JURONG EAST,EXECUTIVE,144,Model A2,655143
1000,PUNGGOL,1 ROOM,105,Improved-Maisonette,715660
1001,CHOA CHU KANG,3 ROOM,68,Model A2,559561
1002,YISHUN,3 ROOM,66,Type S1,341457
1003,TOA PAYOH,3 ROOM,131,Premium Maisonette,795496
1004,TOA PAYOH,2 ROOM,85,Model A2,510813
1005,CHOA CHU KANG,5 ROOM,134,Model A-Maisonette,693920
1006,TAMPINES,MULTI-GENERATION,107,Model A2,305452
1007,CHOA CHU KANG,1 ROOM,146,Multi Generation,411153
1008,CLEMENTI,3 ROOM,133,Adjoined flat,601006
1009,BEDOK,2 ROOM,73,Premium Maisonette,492543
1010,BUKIT PANJANG,2 ROOM,148,Simplified,762433
1011,KALLANG/WHAMPOA,5 ROOM,92,Premium Apartment,779274
1012,BISHAN,EXECUTIVE,90,Type S2,580444
1013,GEYLANG,EXECUTIVE,146,Multi Generation,702782
1014,BUKIT PANJANG,MULTI-GENERATION,147,Apartment,700717
1015,BISHAN,MULTI-GENERATION,67,Simplified,301845
1016,TOA PAYOH,3 ROOM,137,3Gen,419342
1017,GEYLANG,MULTI-GENERATION,113,Premium Apartment Loft,601325
1018,KALLANG/WHAMPOA,3 ROOM,81,Standard,750479
1019,JURONG EAST,1 ROOM,127,Model A,537366
1020,SEMBAWANG,MULTI-GENERATION,119,Standard,539004
1021,CLEMENTI,5 ROOM,87,Maisonette,771982
1022,BUKIT PANJANG,3 ROOM,98,Type S1,494110
1023,KALLANG/WHAMPOA,5 ROOM,133,Model A2,548850
1024,WOODLANDS,2 ROOM,79,Type S2,514362
1025,PUNGGOL,3 ROOM,111,Model A-Maisonette,547688
1026,PUNGGOL,2 ROOM,67,Multi Generation,334404
1027,BUKIT TIMAH,4 ROOM,147,Improved-Maisonette,322564
1028,KALLANG/WHAMPOA,5 ROOM,92,Apartment,397898
1029,PUNGGOL,4 ROOM,67,Premium Apartment,750651
1030,PUNGGOL,3 ROOM,68,Model A2,580371
1031,SEMBAWANG,2 ROOM,95,Apartment,783512
1032,CHOA CHU KANG,3 ROOM,109,Premium Apartment,395259
1033,TOA PAYOH,4 ROOM,123,Simplified,424451
1034,BEDOK,3 ROOM,109,Improved-Maisonette,740691
1035,CENTRAL AREA,1 ROOM,139,Standard,317215
1036,SEMBAWANG,EXECUTIVE,101,Type S1,430577
1037,BEDOK,4 ROOM,129,Maisonette,558392
1038,GEYLANG,3 ROOM,73,DBSS,371074
1039,YISHUN,2 ROOM,81,Type S1,714915
1040,BUKIT TIMAH,3 ROOM,129,Apartment,408621
1041,BUKIT PANJANG,2 ROOM,67,Simplified,705670
1042,CLEMENTI,EXECUTIVE,90,Premium Apartment Loft,479289
1043,BUKIT MERAH,3 ROOM,117,Multi Generation,406759
1044,GEYLANG,MULTI-GENERATION,95,Improved-Maisonette,428471
1045,ANG MO KIO,MULTI-GENERATION,90,Maisonette,583855
1046,BEDOK,EXECUTIVE,87,Apartment,708275
1047,TOA PAYOH,4 ROOM,94,Adjoined flat,348398
1048,ANG MO KIO,2 ROOM,74,DBSS,563430
1049,QUEENSTOWN,MULTI-GENERATION,136,Premium Apartment,465369
1050,BEDOK,1 ROOM,128,Simplified,408304
1051,SENGKANG,4 ROOM,86,Standard,404959
1052,SEMBAWANG,2 ROOM,79,Type S1,793397
1053,TAMPINES,EXECUTIVE,120,Type S1,539317
1054,SENGKANG,MULTI-GENERATION,138,3Gen,457557
1055,TOA PAYOH,5 ROOM,84,Improved-Maisonette,622111
1056,BUKIT BATOK,3 ROOM,111,Model A-Maisonette,659947
1057,HOUGANG,EXECUTIVE,117,Model A2,429745
1058,SERANGOON,2 ROOM,117,Type S2,354583
1059,SEMBAWANG,2 ROOM,65,Adjoined flat,424077
1060,PUNGGOL,2 ROOM,66,Model A,744846
1061,ANG MO KIO,2 ROOM,122,Type S1,411359
1062,ANG MO KIO,3 ROOM,83,Apartment,327086
1063,TOA PAYOH,4 ROOM,126,Multi Generation,447556
1064,JURONG WEST,1 ROOM,142,Standard,499695
1065,BUKIT BATOK,5 ROOM,136,New Generation,404132
1066,BUKIT MERAH,3 ROOM,76,DBSS,359263
1067,GEYLANG,2 ROOM,90,Type S1,449747
1068,TOA PAYOH,3 ROOM,91,DBSS,682299
1069,TAMPINES,EXECUTIVE,93,Standard,360664
1070,JURONG EAST,1 ROOM,79,Simplified,717896
1071,MARINE PARADE,2 ROOM,110,Type S1,710293
1072,TOA PAYOH,5 ROOM,65,Premium Apartment Loft,682618
1073,JURONG EAST,2 ROOM,124,Model A-Maisonette,731390
1074,TOA PAYOH,1 ROOM,121,Improved,639112
1075,SERANGOON,5 ROOM,67,Premium Maisonette,696707
1076,YISHUN,1 ROOM,82,Improved-Maisonette,477198
1077,BEDOK,5 ROOM,116,Adjoined flat,542730
1078,MARINE PARADE,4 ROOM,124,3Gen,696608
1079,BUKIT PANJANG,MULTI-GENERATION,98,Adjoined flat,755473
1080,JURONG WEST,4 ROOM,124,Adjoined flat,367804
1081,ANG MO KIO,3 ROOM,90,Type S1,600544
1082,PASIR RIS,3 ROOM,136,Adjoined flat,729767
1083,GEYLANG,5 ROOM,83,Terrace,590232
1084,QUEENSTOWN,2 ROOM,86,New Generation,511087
1085,BISHAN,MULTI-GENERATION,97,Maisonette,718681
1086,GEYLANG,EXECUTIVE,102,Maisonette,741371
1087,BUKIT MERAH,EXECUTIVE,99,Premium Apartment,387893
1088,PASIR RIS,2 ROOM,131,Simplified,568113
1089,YISHUN,2 ROOM,147,3Gen,308981
1090,SERANGOON,4 ROOM,74,2-room,714248
1091,BUKIT TIMAH,EXECUTIVE,79,Model A,616235
1092,CLEMENTI,5 ROOM,75,DBSS,407154
1093,GEYLANG,1 ROOM,88,Premium Apartment,586552
1094,BISHAN,3 ROOM,141,Multi Generation,455313
1095,SEMBAWANG,1 ROOM,68,Premium Maisonette,610084
1096,CLEMENTI,4 ROOM,77,Maisonette,776154
1097,CLEMENTI,EXECUTIVE,137,New Generation,482177
1098,JURONG WEST,MULTI-GENERATION,121,3Gen,784518
1099,HOUGANG,2 ROOM,101,Premium Apartment Loft,492122
1100,KALLANG/WHAMPOA,MULTI-GENERATION,112,Model A,303657
1101,CLEMENTI,MULTI-GENERATION,135,Multi Generation,583374
1102,CLEMENTI,EXECUTIVE,65,Premium Apartment,711896
1103,YISHUN,5 ROOM,124,Model A2,513766
1104,QUEENSTOWN,4 ROOM,76,Model A,384731
1105,ANG MO KIO,2 ROOM,85,3Gen,473412
1106,TOA PAYOH,1 ROOM,75,Standard,467022
1107,YISHUN,5 ROOM,108,Premium Maisonette,771731
1108,CLEMENTI,1 ROOM,122,Apartment,438939
1109,BEDOK,3 ROOM,108,Type S1,773907
1110,PASIR RIS,4 ROOM,142,Adjoined flat,509614
1111,TOA PAYOH,5 ROOM,98,2-room,304329
1112,BUKIT TIMAH,5 ROOM,89,Type S2,781303
1113,BUKIT TIMAH,1 ROOM,68,Multi Generation,598009
1114,SEMBAWANG,2 ROOM,128,2-room,498012
1115,CHOA CHU KANG,3 ROOM,80,Adjoined flat,337869
1116,SERANGOON,1 ROOM,74,Standard,497977
1117,BEDOK,5 ROOM,130,3Gen,682329
1118,JURONG WEST,4 ROOM,99,Premium Apartment,798185
1119,PASIR RIS,5 ROOM,147,Improved,383984
1120,ANG MO KIO,EXECUTIVE,70,Premium Maisonette,687316
1121,CHOA CHU KANG,4 ROOM,83,Adjoined flat,401069
1122,SEMBAWANG,4 ROOM,123,2-room,548577
1123,SENGKANG,5 ROOM,117,Type S2,651855
1124,QUEENSTOWN,2 ROOM,72,New Generation,628396
1125,BUKIT BATOK,4 ROOM,142,Type S2,641530
1126,CENTRAL AREA,EXECUTIVE,74,Adjoined flat,418728
1127,JURONG EAST,1 ROOM,131,2-room,694927
1128,BUKIT BATOK,2 ROOM,102,Simplified,325801
1129,CHOA CHU KANG,2 ROOM,93,Improved,518359
1130,CHOA CHU KANG,2 ROOM,79,Apartment,535637
1131,SERANGOON,4 ROOM,87,DBSS,390709
1132,PUNGGOL,2 ROOM,146,Standard,615414
1133,HOUGANG,5 ROOM,110,Improved,764838
1134,CLEMENTI,2 ROOM,147,Model A2,617679
1135,GEYLANG,EXECUTIVE,92,Adjoined flat,555560
1136,BUKIT TIMAH,3 ROOM,90,Standard,543738
1137,CHOA CHU KANG,EXECUTIVE,74,Multi Generation,507831
1138,BUKIT PANJANG,4 ROOM,111,Model A2,316220
1139,QUEENSTOWN,2 ROOM,68,Standard,575536
1140,MARINE PARADE,2 ROOM,119,Model A-Maisonette,778803
1141,KALLANG/WHAMPOA,5 ROOM,130,DBSS,695462
1142,BUKIT TIMAH,1 ROOM,131,Model A,582154
1143,MARINE PARADE,2 ROOM,71,Model A-Maisonette,426951
1144,BUKIT MERAH,MULTI-GENERATION,119,Type S2,630502
1145,MARINE PARADE,EXECUTIVE,144,Standard,783419
1146,ANG MO KIO,4 ROOM,95,Multi Generation,448306
1147,QUEENSTOWN,3 ROOM,138,Maisonette,658334
1148,BUKIT MERAH,2 ROOM,83,Standard,415795
1149,BUKIT TIMAH,3 ROOM,92,Model A2,742667
1150,QUEENSTOWN,2 ROOM,145,Multi Generation,684934
1151,SERANGOON,4 ROOM,92,Premium Apartment,425223
1152,BUKIT MERAH,1 ROOM,83,Model A-Maisonette,375205
1153,PASIR RIS,EXECUTIVE,84,Apartment,715000
1154,YISHUN,4 ROOM,77,Model A,722888
1155,SERANGOON,3 ROOM,141,Type S1,301082
1156,CENTRAL AREA,2 ROOM,107,DBSS,704364
1157,ANG MO KIO,3 ROOM,75,Standard,458566
1158,BEDOK,EXECUTIVE,112,Model A-Maisonette,799687
1159,KALLANG/WHAMPOA,MULTI-GENERATION,79,Standard,637237
1160,SEMBAWANG,4 ROOM,81,Terrace,614096
1161,PUNGGOL,3 ROOM,118,Model A-Maisonette,336719
1162,GEYLANG,3 ROOM,114,3Gen,348737
1163,WOODLANDS,EXECUTIVE,92,Improved-Maisonette,752669
1164,CLEMENTI,MULTI-GENERATION,147,Terrace,407271
1165,TOA PAYOH,2 ROOM,68,Premium Apartment Loft,470608
1166,TOA PAYOH,MULTI-GENERATION,86,2-room,481676
1167,BUKIT BATOK,3 ROOM,103,Premium Apartment Loft,744049
1168,BUKIT MERAH,EXECUTIVE,98,Multi Generation,707255
1169,BUKIT BATOK,2 ROOM,108,Type S1,367839
1170,JURONG EAST,MULTI-GENERATION,106,Improved-Maisonette,610075
1171,WOODLANDS,MULTI-GENERATION,104,Improved,602069
1172,JURONG EAST,MULTI-GENERATION,76,Improved-Maisonette,482075
1173,PUNGGOL,1 ROOM,66,New Generation,777033
1174,TOA PAYOH,2 ROOM,92,Terrace,742113
1175,BEDOK,MULTI-GENERATION,138,Model A,387745
1176,MARINE PARADE,1 ROOM,145,Improved,426298
1177,ANG MO KIO,4 ROOM,131,Apartment,393709
1178,YISHUN,EXECUTIVE,135,Model A-Maisonette,604431
1179,QUEENSTOWN,MULTI-GENERATION,136,3Gen,521798
1180,CHOA CHU KANG,2 ROOM,148,Standard,726228
1181,BISHAN,1 ROOM,140,Model A2,407252
1182,WOODLANDS,1 ROOM,145,Type S2,472855
1183,BUKIT TIMAH,4 ROOM,74,Improved,671467
1184,CLEMENTI,5 ROOM,121,Improved-Maisonette,778943
1185,ANG MO KIO,EXECUTIVE,101,Adjoined flat,761531
1186,CLEMENTI,5 ROOM,141,Improved-Maisonette,514838
1187,SENGKANG,2 ROOM,128,Premium Apartment Loft,739707
1188,CHOA CHU KANG,EXECUTIVE,143,Terrace,520013
1189,KALLANG/WHAMPOA,4 ROOM,104,Model A2,751800
1190,KALLANG/WHAMPOA,2 ROOM,124,2-room,574947
1191,BISHAN,EXECUTIVE,112,Model A-Maisonette,480697
1192,WOODLANDS,EXECUTIVE,83,3Gen,418819
1193,BUKIT MERAH,5 ROOM,136,Type S1,655505
1194,CHOA CHU KANG,2 ROOM,97,Improved,313698
1195,YISHUN,4 ROOM,108,3Gen,727776
1196,SERANGOON,4 ROOM,101,Premium Maisonette,315376
1197,CHOA CHU KANG,2 ROOM,100,Adjoined flat,776870
1198,TAMPINES,2 ROOM,145,Premium Apartment Loft,575261
1199,BUKIT TIMAH,1 ROOM,85,Multi Generation,536591
1200,TOA PAYOH,3 ROOM,66,Model A,749597
1201,TAMPINES,5 ROOM,95,Adjoined flat,731172
1202,HOUGANG,2 ROOM,94,3Gen,348786
1203,WOODLANDS,2 ROOM,140,Type S1,413005
1204,CHOA CHU KANG,3 ROOM,108,Model A,796801
1205,BUKIT PANJANG,3 ROOM,76,Model A2,518850
1206,TAMPINES,EXECUTIVE,115,Terrace,628624
1207,BEDOK,MULTI-GENERATION,113,Terrace,462767
1208,CHOA CHU KANG,4 ROOM,88,Simplified,694727
1209,PASIR RIS,5 ROOM,88,3Gen,615377
1210,ANG MO KIO,EXECUTIVE,124,Model A2,673166
1211,QUEENSTOWN,2 ROOM,75,New Generation,715718
1212,BUKIT PANJANG,3 ROOM,77,Premium Apartment,743226
1213,BUKIT MERAH,1 ROOM,136,Type S2,783557
1214,BEDOK,4 ROOM,138,Simplified,392529
1215,CHOA CHU KANG,EXECUTIVE,136,Apartment,767121
1216,YISHUN,1 ROOM,128,Apartment,541496
1217,JURONG WEST,4 ROOM,84,Improved,739705
1218,BUKIT BATOK,MULTI-GENERATION,136,Adjoined flat,400919
1219,BUKIT BATOK,MULTI-GENERATION,137,Simplified,645677
1220,SENGKANG,1 ROOM,135,2-room,774381
1221,KALLANG/WHAMPOA,3 ROOM,142,Model A,725165
1222,CENTRAL AREA,EXECUTIVE,92,Adjoined flat,761592
1223,YISHUN,EXECUTIVE,66,Apartment,772803
1224,BUKIT BATOK,MULTI-GENERATION,107,Model A2,786275
1225,MARINE PARADE,4 ROOM,72,Apartment,498382
1226,SENGKANG,1 ROOM,77,Premium Apartment,509870
1227,BUKIT BATOK,3 ROOM,149,Model A,369407
1228,MARINE PARADE,2 ROOM,99,Type S2,373809
1229,SERANGOON,EXECUTIVE,87,Type S2,579373
1230,HOUGANG,2 ROOM,110,Premium Apartment,720601
1231,MARINE PARADE,3 ROOM,79,Maisonette,342176
1232,QUEENSTOWN,MULTI-GENERATION,66,Multi Generation,394825
1233,CENTRAL AREA,EXECUTIVE,125,Premium Apartment Loft,696476
1234,BUKIT PANJANG,EXECUTIVE,140,Simplified,397555
1235,CLEMENTI,1 ROOM,128,New Generation,303145
1236,BUKIT MERAH,2 ROOM,116,Type S2,397289
1237,PUNGGOL,MULTI-GENERATION,100,Maisonette,438874
1238,CLEMENTI,1 ROOM,131,Improved,564407
1239,CLEMENTI,5 ROOM,133,New Generation,720129
1240,BUKIT TIMAH,2 ROOM,131,Premium Maisonette,357788
1241,PUNGGOL,2 ROOM,111,Premium Apartment,439227
1242,ANG MO KIO,5 ROOM,147,New Generation,431994
1243,BUKIT TIMAH,3 ROOM,66,Simplified,503303
1244,SENGKANG,3 ROOM,108,Apartment,451744
1245,ANG MO KIO,EXECUTIVE,128,Improved-Maisonette,469598
1246,KALLANG/WHAMPOA,4 ROOM,145,Premium Apartment,607488
1247,BUKIT BATOK,1 ROOM,142,Premium Apartment Loft,684963
1248,SEMBAWANG,4 ROOM,92,Improved-Maisonette,712230
1249,CLEMENTI,EXECUTIVE,118,Type S2,373352
1250,TAMPINES,4 ROOM,138,2-room,784495
1251,CHOA CHU KANG,2 ROOM,131,Model A,602468
1252,BEDOK,2 ROOM,100,Improved-Maisonette,656219
1253,JURONG WEST,5 ROOM,127,Improved-Maisonette,526710
1254,MARINE PARADE,5 ROOM,89,Type S1,469770
1255,ANG MO KIO,EXECUTIVE,112,Model A2,639313
1256,BEDOK,EXECUTIVE,103,Multi Generation,585528
1257,BUKIT TIMAH,MULTI-GENERATION,111,Multi Generation,303512
1258,CLEMENTI,EXECUTIVE,85,Improved-Maisonette,699282
1259,SERANGOON,2 ROOM,94,2-room,462572
1260,SEMBAWANG,4 ROOM,95,Improved-Maisonette,423775
1261,ANG MO KIO,1 ROOM,90,Type S2,378743
1262,JURONG EAST,MULTI-GENERATION,86,Adjoined flat,647786
1263,ANG MO KIO,MULTI-GENERATION,85,Adjoined flat,691731
1264,BUKIT MERAH,MULTI-GENERATION,65,Type S2,379858
1265,MARINE PARADE,EXECUTIVE,101,Standard,354800
1266,KALLANG/WHAMPOA,EXECUTIVE,141,Adjoined flat,756356
1267,PASIR RIS,2 ROOM,149,Terrace,400364
1268,TAMPINES,1 ROOM,110,Model A2,778170
1269,MARINE PARADE,2 ROOM,73,Premium Apartment Loft,564531
1270,JURONG EAST,1 ROOM,81,Type S1,487232
1271,GEYLANG,2 ROOM,111,3Gen,752457
1272,PASIR RIS,4 ROOM,149,Simplified,504639
1273,PASIR RIS,EXECUTIVE,123,DBSS,432871
1274,BEDOK,3 ROOM,118,2-room,419095
1275,JURONG EAST,3 ROOM,76,Improved-Maisonette,335548
1276,JURONG WEST,EXECUTIVE,128,2-room,727111
1277,GEYLANG,MULTI-GENERATION,70,Premium Maisonette,390450
1278,CLEMENTI,EXECUTIVE,117,Improved-Maisonette,405669
1279,BISHAN,EXECUTIVE,80,Simplified,642315
1280,PASIR RIS,EXECUTIVE,69,Premium Apartment,733595
1281,KALLANG/WHAMPOA,MULTI-GENERATION,137,Premium Apartment Loft,607558
1282,CHOA CHU KANG,1 ROOM,110,New Generation,373071
1283,CLEMENTI,4 ROOM,78,Model A2,412808
1284,CENTRAL AREA,3 ROOM,108,Type S1,761560
1285,SENGKANG,5 ROOM,127,Premium Maisonette,378591
1286,JURONG EAST,3 ROOM,116,Terrace,524213
1287,PUNGGOL,3 ROOM,90,Multi Generation,785417
1288,BUKIT MERAH,MULTI-GENERATION,117,Improved-Maisonette,791519
1289,BUKIT PANJANG,2 ROOM,93,Type S2,566441
1290,PASIR RIS,EXECUTIVE,83,3Gen,409513
1291,GEYLANG,EXECUTIVE,111,Premium Maisonette,690812
1292,SEMBAWANG,EXECUTIVE,72,Premium Apartment,648623
1293,MARINE PARADE,2 ROOM,87,Improved,398752
1294,CHOA CHU KANG,MULTI-GENERATION,99,DBSS,436080
1295,BEDOK,4 ROOM,117,Improved-Maisonette,517885
1296,BUKIT MERAH,4 ROOM,122,New Generation,677625
1297,ANG MO KIO,MULTI-GENERATION,69,Terrace,447892
1298,BUKIT BATOK,5 ROOM,80,Improved,764764
1299,BUKIT BATOK,4 ROOM,81,Adjoined flat,453325
1300,SERANGOON,MULTI-GENERATION,96,Improved-Maisonette,722418
1301,YISHUN,4 ROOM,116,Standard,722452
1302,WOODLANDS,EXECUTIVE,84,Type S1,367156
1303,BISHAN,1 ROOM,130,Improved,542960
1304,CHOA CHU KANG,MULTI-GENERATION,148,Improved,360263
1305,SERANGOON,3 ROOM,146,Model A,681140
1306,TAMPINES,4 ROOM,65,Multi Generation,399252
1307,HOUGANG,4 ROOM,122,Terrace,418632
1308,CLEMENTI,2 ROOM,147,Type S2,636999
1309,BEDOK,5 ROOM,108,Improved-Maisonette,316575
1310,GEYLANG,1 ROOM,70,Model A,574348
1311,CLEMENTI,2 ROOM,114,Improved-Maisonette,311952
1312,SERANGOON,EXECUTIVE,136,Type S2,383323
1313,BUKIT PANJANG,3 ROOM,84,Model A2,482214
1314,PUNGGOL,5 ROOM,78,Premium Maisonette,464944
1315,BEDOK,2 ROOM,69,Type S1,460448
1316,BEDOK,MULTI-GENERATION,105,2-room,497156
1317,CLEMENTI,4 ROOM,104,Type S2,442712
1318,MARINE PARADE,4 ROOM,98,2-room,588581
1319,HOUGANG,5 ROOM,144,Terrace,427129
1320,ANG MO KIO,4 ROOM,109,3Gen,649825
1321,SENGKANG,MULTI-GENERATION,135,Standard,554522
1322,CENTRAL AREA,2 ROOM,144,New Generation,307903
1323,MARINE PARADE,2 ROOM,135,Multi Generation,514776
1324,PUNGGOL,4 ROOM,91,New Generation,326863
1325,JURONG EAST,4 ROOM,142,Terrace,605525
1326,KALLANG/WHAMPOA,EXECUTIVE,142,Premium Apartment Loft,590692
1327,SENGKANG,3 ROOM,108,Terrace,743172
1328,HOUGANG,5 ROOM,97,2-room,767742
1329,CENTRAL AREA,2 ROOM,97,Model A-Maisonette,311467
1330,CLEMENTI,5 ROOM,108,2-room,620098
1331,JURONG WEST,EXECUTIVE,84,Maisonette,586045
1332,BUKIT MERAH,2 ROOM,100,Model A-Maisonette,749199
1333,PUNGGOL,EXECUTIVE,71,Apartment,585445
1334,QUEENSTOWN,EXECUTIVE,96,Adjoined flat,686830
1335,KALLANG/WHAMPOA,1 ROOM,131,2-room,533614
1336,BUKIT PANJANG,4 ROOM,103,Premium Apartment Loft,647324
1337,GEYLANG,MULTI-GENERATION,88,Type S2,369903
1338,SENGKANG,1 ROOM,134,Multi Generation,666099
1339,GEYLANG,5 ROOM,118,Premium Maisonette,709420
1340,SEMBAWANG,MULTI-GENERATION,102,Simplified,319755
1341,SEMBAWANG,5 ROOM,138,Model A-Maisonette,621961
1342,SENGKANG,4 ROOM,144,New Generation,564237
1343,PUNGGOL,MULTI-GENERATION,139,Simplified,556094
1344,WOODLANDS,1 ROOM,96,3Gen,762753
1345,PUNGGOL,5 ROOM,109,Type S2,658463
1346,CLEMENTI,1 ROOM,125,Multi Generation,585084
1347,BEDOK,4 ROOM,134,Model A,766562
1348,YISHUN,MULTI-GENERATION,117,New Generation,475112
1349,CHOA CHU KANG,MULTI-GENERATION,115,Model A2,730538
1350,JURONG WEST,2 ROOM,140,Apartment,428714
1351,QUEENSTOWN,EXECUTIVE,120,Multi Generation,391544
1352,CLEMENTI,EXECUTIVE,91,Maisonette,384437
1353,TAMPINES,1 ROOM,102,Model A-Maisonette,655113
1354,BUKIT BATOK,MULTI-GENERATION,126,Maisonette,407001
1355,BUKIT PANJANG,5 ROOM,82,New Generation,387725
1356,JURONG WEST,1 ROOM,128,Terrace,677928
1357,BUKIT BATOK,1 ROOM,141,Model A,410675
1358,YISHUN,3 ROOM,94,Adjoined flat,394266
1359,KALLANG/WHAMPOA,MULTI-GENERATION,113,Apartment,571380
1360,MARINE PARADE,EXECUTIVE,105,Model A,634741
1361,BUKIT TIMAH,MULTI-GENERATION,77,2-room,515196
1362,PASIR RIS,4 ROOM,98,New Generation,434974
1363,QUEENSTOWN,1 ROOM,89,DBSS,399656
1364,QUEENSTOWN,3 ROOM,130,New Generation,596508
1365,PASIR RIS,3 ROOM,82,3Gen,407071
1366,BUKIT PANJANG,EXECUTIVE,69,Premium Apartment Loft,792199
1367,GEYLANG,EXECUTIVE,83,Standard,656554
1368,MARINE PARADE,EXECUTIVE,106,2-room,451168
1369,WOODLANDS,4 ROOM,82,Model A,443092
1370,CENTRAL AREA,3 ROOM,96,Model A,358473
1371,GEYLANG,5 ROOM,85,Premium Maisonette,541472
1372,BUKIT TIMAH,4 ROOM,74,Premium Apartment Loft,606297
1373,YISHUN,2 ROOM,101,Improved-Maisonette,472349
1374,TOA PAYOH,1 ROOM,113,DBSS,780437
1375,SERANGOON,EXECUTIVE,77,Terrace,600646
1376,WOODLANDS,3 ROOM,119,Model A2,315675
1377,QUEENSTOWN,1 ROOM,81,Terrace,717581
1378,YISHUN,MULTI-GENERATION,73,Model A2,781028
1379,CLEMENTI,4 ROOM,108,Model A,418384
1380,CHOA CHU KANG,2 ROOM,142,DBSS,378229
1381,BUKIT BATOK,MULTI-GENERATION,110,Premium Maisonette,389049
1382,TAMPINES,4 ROOM,72,Model A-Maisonette,483220
1383,KALLANG/WHAMPOA,4 ROOM,101,Terrace,651301
1384,JURONG EAST,5 ROOM,83,Simplified,520319
1385,WOODLANDS,1 ROOM,127,Premium Maisonette,405711
1386,BEDOK,5 ROOM,110,Premium Maisonette,410090
1387,BEDOK,4 ROOM,135,Model A2,655465
1388,MARINE PARADE,2 ROOM,90,Multi Generation,761294
1389,CHOA CHU KANG,3 ROOM,110,Apartment,775814
1390,JURONG EAST,3 ROOM,110,Premium Apartment,501974
1391,BISHAN,MULTI-GENERATION,139,Model A,588609
1392,CHOA CHU KANG,1 ROOM,78,Standard,594430
1393,JURONG EAST,EXECUTIVE,149,Multi Generation,354795
1394,SENGKANG,EXECUTIVE,127,Apartment,733394
1395,SERANGOON,3 ROOM,136,Improved-Maisonette,670283
1396,BEDOK,4 ROOM,67,Model A2,510255
1397,CENTRAL AREA,4 ROOM,92,Premium Apartment Loft,403845
1398,CHOA CHU KANG,5 ROOM,93,Model A2,612130
1399,MARINE PARADE,1 ROOM,82,Adjoined flat,736417
1400,BEDOK,5 ROOM,99,Simplified,736531
1401,BUKIT PANJANG,EXECUTIVE,141,Premium Maisonette,637540
1402,SERANGOON,3 ROOM,140,Premium Apartment Loft,617322
1403,CENTRAL AREA,MULTI-GENERATION,111,Type S1,572889
1404,YISHUN,4 ROOM,69,Standard,554232
1405,BUKIT MERAH,3 ROOM,139,Improved-Maisonette,553730
1406,CHOA CHU KANG,2 ROOM,123,Maisonette,503426
1407,ANG MO KIO,3 ROOM,139,Standard,641781
1408,CHOA CHU KANG,2 ROOM,123,Premium Maisonette,698244
1409,CLEMENTI,5 ROOM,111,Premium Apartment,529333
1410,TAMPINES,5 ROOM,77,Model A2,348566
1411,BUKIT BATOK,EXECUTIVE,142,New Generation,605866
1412,BISHAN,3 ROOM,97,Maisonette,648767
1413,CLEMENTI,3 ROOM,126,Maisonette,673218
1414,KALLANG/WHAMPOA,2 ROOM,143,Simplified,374974
1415,GEYLANG,5 ROOM,80,3Gen,776908
1416,JURONG WEST,2 ROOM,108,3Gen,646228
1417,BUKIT PANJANG,5 ROOM,122,Model A2,470951
1418,HOUGANG,2 ROOM,70,Model A-Maisonette,717983
1419,JURONG EAST,5 ROOM,79,Premium Apartment,548595
1420,PASIR RIS,2 ROOM,68,Model A,679497
1421,MARINE PARADE,MULTI-GENERATION,120,Premium Apartment,404417
1422,BISHAN,5 ROOM,128,Premium Apartment,630243
1423,BEDOK,1 ROOM,132,New Generation,479729
1424,GEYLANG,2 ROOM,98,Improved-Maisonette,439570
1425,CHOA CHU KANG,3 ROOM,120,Adjoined flat,504739
1426,BISHAN,EXECUTIVE,96,Type S2,587251
1427,PUNGGOL,1 ROOM,73,Type S1,459865
1428,SEMBAWANG,1 ROOM,127,Premium Maisonette,695912
1429,KALLANG/WHAMPOA,2 ROOM,136,New Generation,615983
1430,JURONG WEST,EXECUTIVE,142,Type S2,389241
1431,BEDOK,3 ROOM,97,Improved,323397
1432,PASIR RIS,1 ROOM,85,Premium Apartment Loft,307704
1433,SERANGOON,3 ROOM,119,Maisonette,578586
1434,YISHUN,5 ROOM,140,Apartment,494860
1435,CENTRAL AREA,MULTI-GENERATION,121,Improved,429576
1436,CLEMENTI,EXECUTIVE,66,2-room,309765
1437,YISHUN,MULTI-GENERATION,77,Type S2,677972
1438,PUNGGOL,4 ROOM,68,Premium Apartment,310002
1439,WOODLANDS,5 ROOM,148,Simplified,559853
1440,QUEENSTOWN,EXECUTIVE,114,Premium Maisonette,573534
1441,CENTRAL AREA,2 ROOM,112,Type S1,475508
1442,CENTRAL AREA,MULTI-GENERATION,142,Improved,558446
1443,BISHAN,2 ROOM,94,DBSS,777698
1444,BISHAN,3 ROOM,93,Model A2,545620
1445,HOUGANG,1 ROOM,72,Premium Apartment,306641
1446,SERANGOON,MULTI-GENERATION,76,Maisonette,726925
1447,PASIR RIS,4 ROOM,105,Model A2,411119
1448,BUKIT BATOK,2 ROOM,90,Premium Apartment,732525
1449,PASIR RIS,EXECUTIVE,114,DBSS,577768
1450,JURONG WEST,MULTI-GENERATION,66,Model A,309966
1451,QUEENSTOWN,MULTI-GENERATION,119,Premium Apartment Loft,520422
1452,CHOA CHU KANG,1 ROOM,120,Standard,465261
1453,SENGKANG,1 ROOM,78,Improved-Maisonette,371301
1454,HOUGANG,EXECUTIVE,70,Type S2,788974
1455,BUKIT MERAH,1 ROOM,145,2-room,415123
1456,GEYLANG,2 ROOM,125,Premium Apartment Loft,710439
1457,SEMBAWANG,EXECUTIVE,76,Apartment,795521
1458,BISHAN,EXECUTIVE,77,Apartment,640327
1459,SENGKANG,3 ROOM,83,2-room,534624
1460,KALLANG/WHAMPOA,4 ROOM,108,Standard,304959
1461,JURONG WEST,MULTI-GENERATION,123,New Generation,720473
1462,GEYLANG,3 ROOM,101,Type S2,790736
1463,SEMBAWANG,4 ROOM,89,Improved-Maisonette,612946
1464,CENTRAL AREA,EXECUTIVE,80,New Generation,780964
1465,BUKIT BATOK,MULTI-GENERATION,102,Premium Apartment Loft,424125
1466,HOUGANG,1 ROOM,107,Premium Maisonette,685939
1467,CENTRAL AREA,4 ROOM,78,Apartment,327215
1468,BUKIT PANJANG,EXECUTIVE,70,Multi Generation,355046
1469,KALLANG/WHAMPOA,EXECUTIVE,87,3Gen,533265
1470,HOUGANG,3 ROOM,124,Multi Generation,656737
1471,MARINE PARADE,3 ROOM,76,Premium Apartment,727310
1472,MARINE PARADE,1 ROOM,77,Terrace,469741
1473,SENGKANG,5 ROOM,70,Type S2,467198
1474,SEMBAWANG,2 ROOM,127,Type S2,793105
1475,SEMBAWANG,5 ROOM,102,Improved-Maisonette,641180
1476,BUKIT BATOK,5 ROOM,114,2-room,672008
1477,GEYLANG,MULTI-GENERATION,116,Type S2,420333
1478,JURONG EAST,MULTI-GENERATION,104,2-room,316772
1479,CHOA CHU KANG,1 ROOM,72,New Generation,741802
1480,BUKIT BATOK,MULTI-GENERATION,125,DBSS,351943
1481,HOUGANG,4 ROOM,72,Terrace,631012
1482,CHOA CHU KANG,1 ROOM,98,Premium Apartment Loft,611999
1483,JURONG EAST,1 ROOM,143,Type S2,453290
1484,MARINE PARADE,EXECUTIVE,124,Apartment,401124
1485,YISHUN,EXECUTIVE,121,Simplified,774224
1486,BUKIT PANJANG,EXECUTIVE,110,Model A2,619349
1487,CLEMENTI,2 ROOM,86,Standard,436031
1488,JURONG EAST,4 ROOM,104,Premium Apartment Loft,514051
1489,BUKIT TIMAH,4 ROOM,109,Model A,738350
1490,YISHUN,EXECUTIVE,119,Standard,325874
1491,QUEENSTOWN,5 ROOM,115,New Generation,431007
1492,TOA PAYOH,2 ROOM,69,Model A,301301
1493,QUEENSTOWN,5 ROOM,77,DBSS,620161
1494,PASIR RIS,3 ROOM,92,Terrace,343319
1495,JURONG EAST,4 ROOM,148,Improved,520688
1496,JURONG EAST,4 ROOM,144,New Generation,517291
1497,YISHUN,5 ROOM,126,Model A-Maisonette,788408
1498,SENGKANG,2 ROOM,88,Improved-Maisonette,584599
1499,BEDOK,4 ROOM,71,Terrace,435184
1500,CLEMENTI,5 ROOM,102,Terrace,619177
